,Disease,Symptom_1,Symptom_2,Symptom_3,Symptom_4
1,Fungal infection,itching, skin_rash, nodal_skin_eruptions, dischromic _patches
2,Fungal infection, skin_rash, nodal_skin_eruptions, dischromic _patches,0
3,Fungal infection,itching, nodal_skin_eruptions, dischromic _patches,0
4,Fungal infection,itching, skin_rash, dischromic _patches,0
5,Fungal infection,itching, skin_rash, nodal_skin_eruptions,0
6,Fungal infection, skin_rash, nodal_skin_eruptions, dischromic _patches,0
7,Fungal infection,itching, nodal_skin_eruptions, dischromic _patches,0
8,Fungal infection,itching, skin_rash, dischromic _patches,0
9,Fungal infection,itching, skin_rash, nodal_skin_eruptions,0
10,Fungal infection,itching, skin_rash, nodal_skin_eruptions, dischromic _patches
11,Allergy, continuous_sneezing, shivering, chills, watering_from_eyes
12,Allergy, shivering, chills, watering_from_eyes,0
13,Allergy, continuous_sneezing, chills, watering_from_eyes,0
14,Allergy, continuous_sneezing, shivering, watering_from_eyes,0
15,Allergy, continuous_sneezing, shivering, chills,0
16,Allergy, shivering, chills, watering_from_eyes,0
17,Allergy, continuous_sneezing, chills, watering_from_eyes,0
18,Allergy, continuous_sneezing, shivering, watering_from_eyes,0
19,Allergy, continuous_sneezing, shivering, chills,0
20,Allergy, continuous_sneezing, shivering, chills, watering_from_eyes
21,GERD, stomach_pain, acidity, ulcers_on_tongue, vomiting
22,GERD, stomach_pain, ulcers_on_tongue, vomiting, cough
23,GERD, stomach_pain, acidity, vomiting, cough
24,GERD, stomach_pain, acidity, ulcers_on_tongue, cough
25,GERD, stomach_pain, acidity, ulcers_on_tongue, vomiting
26,GERD, stomach_pain, acidity, ulcers_on_tongue, vomiting
27,GERD, acidity, ulcers_on_tongue, vomiting, cough
28,GERD, stomach_pain, ulcers_on_tongue, vomiting, cough
29,GERD, stomach_pain, acidity, vomiting, cough
30,GERD, stomach_pain, acidity, ulcers_on_tongue, cough
31,Chronic cholestasis,itching, vomiting, yellowish_skin, nausea
32,Chronic cholestasis, vomiting, yellowish_skin, nausea, loss_of_appetite
33,Chronic cholestasis,itching, yellowish_skin, nausea, loss_of_appetite
34,Chronic cholestasis,itching, vomiting, nausea, loss_of_appetite
35,Chronic cholestasis,itching, vomiting, yellowish_skin, loss_of_appetite
36,Chronic cholestasis,itching, vomiting, yellowish_skin, nausea
37,Chronic cholestasis,itching, vomiting, yellowish_skin, nausea
38,Chronic cholestasis,itching, vomiting, yellowish_skin, nausea
39,Chronic cholestasis,itching, vomiting, yellowish_skin, nausea
40,Chronic cholestasis,itching, vomiting, yellowish_skin, nausea
41,Drug Reaction,itching, skin_rash, stomach_pain, burning_micturition
42,Drug Reaction,itching, stomach_pain, burning_micturition, spotting_ urination
43,Drug Reaction,itching, skin_rash, burning_micturition, spotting_ urination
44,Drug Reaction,itching, skin_rash, stomach_pain, spotting_ urination
45,Drug Reaction,itching, skin_rash, stomach_pain, burning_micturition
46,Drug Reaction, skin_rash, stomach_pain, burning_micturition, spotting_ urination
47,Drug Reaction,itching, stomach_pain, burning_micturition, spotting_ urination
48,Drug Reaction,itching, skin_rash, burning_micturition, spotting_ urination
49,Drug Reaction,itching, skin_rash, stomach_pain, spotting_ urination
50,Drug Reaction,itching, skin_rash, stomach_pain, burning_micturition
51,Peptic ulcer diseae, vomiting, loss_of_appetite, abdominal_pain, passage_of_gases
52,Peptic ulcer diseae, vomiting, indigestion, abdominal_pain, passage_of_gases
53,Peptic ulcer diseae, indigestion, loss_of_appetite, abdominal_pain, passage_of_gases
54,Peptic ulcer diseae, vomiting, loss_of_appetite, abdominal_pain, passage_of_gases
55,Peptic ulcer diseae, vomiting, indigestion, abdominal_pain, passage_of_gases
56,Peptic ulcer diseae, vomiting, indigestion, loss_of_appetite, passage_of_gases
57,Peptic ulcer diseae, vomiting, indigestion, loss_of_appetite, abdominal_pain
58,Peptic ulcer diseae, vomiting, indigestion, loss_of_appetite, abdominal_pain
59,Peptic ulcer diseae, vomiting, indigestion, loss_of_appetite, abdominal_pain
60,Peptic ulcer diseae, vomiting, indigestion, loss_of_appetite, abdominal_pain
61,AIDS, muscle_wasting, patches_in_throat, high_fever, extra_marital_contacts
62,AIDS, patches_in_throat, high_fever, extra_marital_contacts,0
63,AIDS, muscle_wasting, high_fever, extra_marital_contacts,0
64,AIDS, muscle_wasting, patches_in_throat, extra_marital_contacts,0
65,AIDS, muscle_wasting, patches_in_throat, high_fever,0
66,AIDS, muscle_wasting, patches_in_throat, high_fever, extra_marital_contacts
67,AIDS, muscle_wasting, patches_in_throat, high_fever, extra_marital_contacts
68,AIDS, patches_in_throat, high_fever, extra_marital_contacts,0
69,AIDS, muscle_wasting, high_fever, extra_marital_contacts,0
70,AIDS, muscle_wasting, patches_in_throat, high_fever,0
71,Diabetes , fatigue, weight_loss, restlessness, lethargy
72,Diabetes , fatigue, weight_loss, restlessness, lethargy
73,Diabetes , weight_loss, restlessness, lethargy, irregular_sugar_level
74,Diabetes , fatigue, restlessness, lethargy, irregular_sugar_level
75,Diabetes , fatigue, weight_loss, lethargy, irregular_sugar_level
76,Diabetes , fatigue, weight_loss, restlessness, irregular_sugar_level
77,Diabetes , fatigue, weight_loss, restlessness, lethargy
78,Diabetes , fatigue, weight_loss, restlessness, lethargy
79,Diabetes , fatigue, weight_loss, restlessness, lethargy
80,Diabetes , fatigue, weight_loss, restlessness, lethargy
81,Gastroenteritis, vomiting, sunken_eyes, dehydration, diarrhoea
82,Gastroenteritis, vomiting, sunken_eyes, dehydration, diarrhoea
83,Gastroenteritis, sunken_eyes, dehydration, diarrhoea,0
84,Gastroenteritis, vomiting, dehydration, diarrhoea,0
85,Gastroenteritis, vomiting, sunken_eyes, diarrhoea,0
86,Gastroenteritis, vomiting, sunken_eyes, dehydration,0
87,Gastroenteritis, vomiting, sunken_eyes, dehydration, diarrhoea
88,Gastroenteritis, sunken_eyes, dehydration, diarrhoea,0
89,Gastroenteritis, vomiting, dehydration, diarrhoea,0
90,Gastroenteritis, vomiting, sunken_eyes, diarrhoea,0
91,Bronchial Asthma, fatigue, cough, high_fever, breathlessness
92,Bronchial Asthma, cough, high_fever, breathlessness, family_history
93,Bronchial Asthma, fatigue, high_fever, breathlessness, family_history
94,Bronchial Asthma, fatigue, cough, breathlessness, family_history
95,Bronchial Asthma, fatigue, cough, high_fever, family_history
96,Bronchial Asthma, fatigue, cough, high_fever, breathlessness
97,Bronchial Asthma, fatigue, cough, high_fever, breathlessness
98,Bronchial Asthma, fatigue, cough, high_fever, breathlessness
99,Bronchial Asthma, cough, high_fever, breathlessness, family_history
100,Bronchial Asthma, fatigue, high_fever, breathlessness, family_history
101,Hypertension , headache, chest_pain, dizziness, loss_of_balance
102,Hypertension , chest_pain, dizziness, loss_of_balance, lack_of_concentration
103,Hypertension , headache, dizziness, loss_of_balance, lack_of_concentration
104,Hypertension , headache, chest_pain, loss_of_balance, lack_of_concentration
105,Hypertension , headache, chest_pain, dizziness, lack_of_concentration
106,Hypertension , headache, chest_pain, dizziness, loss_of_balance
107,Hypertension , headache, chest_pain, dizziness, loss_of_balance
108,Hypertension , chest_pain, dizziness, loss_of_balance, lack_of_concentration
109,Hypertension , headache, dizziness, loss_of_balance, lack_of_concentration
110,Hypertension , headache, chest_pain, loss_of_balance, lack_of_concentration
111,Migraine, acidity, indigestion, headache, blurred_and_distorted_vision
112,Migraine, indigestion, headache, blurred_and_distorted_vision, excessive_hunger
113,Migraine, acidity, headache, blurred_and_distorted_vision, excessive_hunger
114,Migraine, acidity, indigestion, blurred_and_distorted_vision, excessive_hunger
115,Migraine, acidity, indigestion, headache, excessive_hunger
116,Migraine, acidity, indigestion, headache, blurred_and_distorted_vision
117,Migraine, acidity, indigestion, headache, blurred_and_distorted_vision
118,Migraine, acidity, indigestion, headache, blurred_and_distorted_vision
119,Migraine, acidity, indigestion, headache, blurred_and_distorted_vision
120,Migraine, acidity, indigestion, headache, blurred_and_distorted_vision
121,Cervical spondylosis, back_pain, weakness_in_limbs, neck_pain, dizziness
122,Cervical spondylosis, back_pain, weakness_in_limbs, neck_pain, dizziness
123,Cervical spondylosis, weakness_in_limbs, neck_pain, dizziness, loss_of_balance
124,Cervical spondylosis, back_pain, neck_pain, dizziness, loss_of_balance
125,Cervical spondylosis, back_pain, weakness_in_limbs, dizziness, loss_of_balance
126,Cervical spondylosis, back_pain, weakness_in_limbs, neck_pain, loss_of_balance
127,Cervical spondylosis, back_pain, weakness_in_limbs, neck_pain, dizziness
128,Cervical spondylosis, back_pain, weakness_in_limbs, neck_pain, dizziness
129,Cervical spondylosis, weakness_in_limbs, neck_pain, dizziness, loss_of_balance
130,Cervical spondylosis, back_pain, neck_pain, dizziness, loss_of_balance
131,Paralysis (brain hemorrhage), vomiting, headache, weakness_of_one_body_side, altered_sensorium
132,Paralysis (brain hemorrhage), vomiting, headache, weakness_of_one_body_side, altered_sensorium
133,Paralysis (brain hemorrhage), headache, weakness_of_one_body_side, altered_sensorium,0
134,Paralysis (brain hemorrhage), vomiting, weakness_of_one_body_side, altered_sensorium,0
135,Paralysis (brain hemorrhage), vomiting, headache, altered_sensorium,0
136,Paralysis (brain hemorrhage), vomiting, headache, weakness_of_one_body_side,0
137,Paralysis (brain hemorrhage), vomiting, headache, weakness_of_one_body_side, altered_sensorium
138,Paralysis (brain hemorrhage), headache, weakness_of_one_body_side, altered_sensorium,0
139,Paralysis (brain hemorrhage), vomiting, weakness_of_one_body_side, altered_sensorium,0
140,Paralysis (brain hemorrhage), vomiting, headache, altered_sensorium,0
141,Jaundice,itching, vomiting, fatigue, weight_loss
142,Jaundice,itching, vomiting, fatigue, weight_loss
143,Jaundice, vomiting, fatigue, weight_loss, high_fever
144,Jaundice,itching, fatigue, weight_loss, high_fever
145,Jaundice,itching, vomiting, weight_loss, high_fever
146,Jaundice,itching, vomiting, fatigue, high_fever
147,Jaundice,itching, vomiting, fatigue, weight_loss
148,Jaundice,itching, vomiting, fatigue, weight_loss
149,Jaundice,itching, vomiting, fatigue, weight_loss
150,Jaundice,itching, vomiting, fatigue, weight_loss
151,Malaria, chills, vomiting, high_fever, sweating
152,Malaria, chills, vomiting, high_fever, sweating
153,Malaria, chills, vomiting, high_fever, sweating
154,Malaria, vomiting, high_fever, sweating, headache
155,Malaria, chills, high_fever, sweating, headache
156,Malaria, chills, vomiting, sweating, headache
157,Malaria, chills, vomiting, high_fever, headache
158,Malaria, chills, vomiting, high_fever, sweating
159,Malaria, chills, vomiting, high_fever, sweating
160,Malaria, chills, vomiting, high_fever, sweating
161,Chicken pox,itching, skin_rash, fatigue, lethargy
162,Chicken pox, skin_rash, fatigue, lethargy, high_fever
163,Chicken pox,itching, fatigue, lethargy, high_fever
164,Chicken pox,itching, skin_rash, lethargy, high_fever
165,Chicken pox,itching, skin_rash, fatigue, high_fever
166,Chicken pox,itching, skin_rash, fatigue, lethargy
167,Chicken pox,itching, skin_rash, fatigue, lethargy
168,Chicken pox,itching, skin_rash, fatigue, lethargy
169,Chicken pox,itching, skin_rash, fatigue, lethargy
170,Chicken pox,itching, skin_rash, fatigue, lethargy
171,Dengue, skin_rash, chills, joint_pain, vomiting
172,Dengue, skin_rash, chills, joint_pain, vomiting
173,Dengue, skin_rash, chills, joint_pain, vomiting
174,Dengue, skin_rash, chills, joint_pain, vomiting
175,Dengue, chills, joint_pain, vomiting, fatigue
176,Dengue, skin_rash, joint_pain, vomiting, fatigue
177,Dengue, skin_rash, chills, vomiting, fatigue
178,Dengue, skin_rash, chills, joint_pain, fatigue
179,Dengue, skin_rash, chills, joint_pain, vomiting
180,Dengue, skin_rash, chills, joint_pain, vomiting
181,Typhoid, chills, vomiting, fatigue, high_fever
182,Typhoid, chills, vomiting, fatigue, high_fever
183,Typhoid, chills, vomiting, fatigue, high_fever
184,Typhoid, chills, vomiting, fatigue, high_fever
185,Typhoid, chills, vomiting, fatigue, high_fever
186,Typhoid, chills, vomiting, fatigue, high_fever
187,Typhoid, chills, vomiting, fatigue, high_fever
188,Typhoid, chills, vomiting, fatigue, high_fever
189,Typhoid, chills, vomiting, fatigue, high_fever
190,Typhoid, chills, fatigue, high_fever, headache
191,hepatitis A, joint_pain, vomiting, yellowish_skin, dark_urine
192,hepatitis A, joint_pain, vomiting, yellowish_skin, dark_urine
193,hepatitis A, vomiting, yellowish_skin, dark_urine, nausea
194,hepatitis A, joint_pain, yellowish_skin, dark_urine, nausea
195,hepatitis A, joint_pain, vomiting, dark_urine, nausea
196,hepatitis A, joint_pain, vomiting, yellowish_skin, nausea
197,hepatitis A, joint_pain, vomiting, yellowish_skin, dark_urine
198,hepatitis A, joint_pain, vomiting, yellowish_skin, dark_urine
199,hepatitis A, joint_pain, vomiting, yellowish_skin, dark_urine
200,hepatitis A, joint_pain, vomiting, yellowish_skin, dark_urine
201,Hepatitis B,itching, fatigue, lethargy, yellowish_skin
202,Hepatitis B,itching, fatigue, lethargy, yellowish_skin
203,Hepatitis B, fatigue, lethargy, yellowish_skin, dark_urine
204,Hepatitis B,itching, lethargy, yellowish_skin, dark_urine
205,Hepatitis B,itching, fatigue, yellowish_skin, dark_urine
206,Hepatitis B,itching, fatigue, lethargy, dark_urine
207,Hepatitis B,itching, fatigue, lethargy, yellowish_skin
208,Hepatitis B,itching, fatigue, lethargy, yellowish_skin
209,Hepatitis B,itching, fatigue, lethargy, yellowish_skin
210,Hepatitis B,itching, fatigue, lethargy, yellowish_skin
211,Hepatitis C, fatigue, yellowish_skin, nausea, loss_of_appetite
212,Hepatitis C, fatigue, yellowish_skin, nausea, loss_of_appetite
213,Hepatitis C, yellowish_skin, nausea, loss_of_appetite, yellowing_of_eyes
214,Hepatitis C, fatigue, nausea, loss_of_appetite, yellowing_of_eyes
215,Hepatitis C, fatigue, yellowish_skin, loss_of_appetite, yellowing_of_eyes
216,Hepatitis C, fatigue, yellowish_skin, nausea, yellowing_of_eyes
217,Hepatitis C, fatigue, yellowish_skin, nausea, loss_of_appetite
218,Hepatitis C, fatigue, yellowish_skin, nausea, loss_of_appetite
219,Hepatitis C, fatigue, yellowish_skin, nausea, loss_of_appetite
220,Hepatitis C, fatigue, yellowish_skin, nausea, loss_of_appetite
221,Hepatitis D, joint_pain, vomiting, fatigue, yellowish_skin
222,Hepatitis D, vomiting, fatigue, yellowish_skin, dark_urine
223,Hepatitis D, joint_pain, fatigue, yellowish_skin, dark_urine
224,Hepatitis D, joint_pain, vomiting, yellowish_skin, dark_urine
225,Hepatitis D, joint_pain, vomiting, fatigue, dark_urine
226,Hepatitis D, joint_pain, vomiting, fatigue, yellowish_skin
227,Hepatitis D, joint_pain, vomiting, fatigue, yellowish_skin
228,Hepatitis D, joint_pain, vomiting, fatigue, yellowish_skin
229,Hepatitis D, joint_pain, vomiting, fatigue, yellowish_skin
230,Hepatitis D, joint_pain, vomiting, fatigue, yellowish_skin
231,Hepatitis E, joint_pain, vomiting, fatigue, high_fever
232,Hepatitis E, joint_pain, vomiting, fatigue, high_fever
233,Hepatitis E, joint_pain, vomiting, fatigue, high_fever
234,Hepatitis E, vomiting, fatigue, high_fever, yellowish_skin
235,Hepatitis E, joint_pain, fatigue, high_fever, yellowish_skin
236,Hepatitis E, joint_pain, vomiting, high_fever, yellowish_skin
237,Hepatitis E, joint_pain, vomiting, fatigue, yellowish_skin
238,Hepatitis E, joint_pain, vomiting, fatigue, high_fever
239,Hepatitis E, joint_pain, vomiting, fatigue, high_fever
240,Hepatitis E, joint_pain, vomiting, fatigue, high_fever
241,Alcoholic hepatitis, vomiting, yellowish_skin, abdominal_pain, swelling_of_stomach
242,Alcoholic hepatitis, vomiting, yellowish_skin, abdominal_pain, swelling_of_stomach
243,Alcoholic hepatitis, yellowish_skin, abdominal_pain, swelling_of_stomach, distention_of_abdomen
244,Alcoholic hepatitis, vomiting, abdominal_pain, swelling_of_stomach, distention_of_abdomen
245,Alcoholic hepatitis, vomiting, yellowish_skin, swelling_of_stomach, distention_of_abdomen
246,Alcoholic hepatitis, vomiting, yellowish_skin, abdominal_pain, distention_of_abdomen
247,Alcoholic hepatitis, vomiting, yellowish_skin, abdominal_pain, swelling_of_stomach
248,Alcoholic hepatitis, vomiting, yellowish_skin, abdominal_pain, swelling_of_stomach
249,Alcoholic hepatitis, vomiting, yellowish_skin, abdominal_pain, swelling_of_stomach
250,Alcoholic hepatitis, vomiting, yellowish_skin, abdominal_pain, swelling_of_stomach
251,Tuberculosis, chills, vomiting, fatigue, weight_loss
252,Tuberculosis, chills, vomiting, fatigue, weight_loss
253,Tuberculosis, vomiting, fatigue, weight_loss, cough
254,Tuberculosis, chills, fatigue, weight_loss, cough
255,Tuberculosis, chills, vomiting, weight_loss, cough
256,Tuberculosis, chills, vomiting, fatigue, cough
257,Tuberculosis, chills, vomiting, fatigue, weight_loss
258,Tuberculosis, chills, vomiting, fatigue, weight_loss
259,Tuberculosis, chills, vomiting, fatigue, weight_loss
260,Tuberculosis, chills, vomiting, fatigue, weight_loss
261,Common Cold, continuous_sneezing, chills, fatigue, cough
262,Common Cold, continuous_sneezing, chills, fatigue, cough
263,Common Cold, chills, fatigue, cough, high_fever
264,Common Cold, continuous_sneezing, fatigue, cough, high_fever
265,Common Cold, continuous_sneezing, chills, cough, high_fever
266,Common Cold, continuous_sneezing, chills, fatigue, high_fever
267,Common Cold, continuous_sneezing, chills, fatigue, cough
268,Common Cold, continuous_sneezing, chills, fatigue, cough
269,Common Cold, continuous_sneezing, chills, fatigue, cough
270,Common Cold, continuous_sneezing, chills, fatigue, cough
271,Pneumonia, chills, fatigue, cough, high_fever
272,Pneumonia, chills, fatigue, cough, high_fever
273,Pneumonia, chills, fatigue, cough, high_fever
274,Pneumonia, fatigue, cough, high_fever, breathlessness
275,Pneumonia, chills, cough, high_fever, breathlessness
276,Pneumonia, chills, fatigue, high_fever, breathlessness
277,Pneumonia, chills, fatigue, cough, breathlessness
278,Pneumonia, chills, fatigue, cough, high_fever
279,Pneumonia, chills, fatigue, cough, high_fever
280,Pneumonia, chills, fatigue, cough, high_fever
281,Dimorphic hemmorhoids(piles), constipation, pain_during_bowel_movements, pain_in_anal_region, bloody_stool
282,Dimorphic hemmorhoids(piles), constipation, pain_during_bowel_movements, pain_in_anal_region, bloody_stool
283,Dimorphic hemmorhoids(piles), constipation, pain_during_bowel_movements, pain_in_anal_region, bloody_stool
284,Dimorphic hemmorhoids(piles), pain_during_bowel_movements, pain_in_anal_region, bloody_stool, irritation_in_anus
285,Dimorphic hemmorhoids(piles), constipation, pain_in_anal_region, bloody_stool, irritation_in_anus
286,Dimorphic hemmorhoids(piles), constipation, pain_during_bowel_movements, bloody_stool, irritation_in_anus
287,Dimorphic hemmorhoids(piles), constipation, pain_during_bowel_movements, pain_in_anal_region, irritation_in_anus
288,Dimorphic hemmorhoids(piles), constipation, pain_during_bowel_movements, pain_in_anal_region, bloody_stool
289,Dimorphic hemmorhoids(piles), constipation, pain_during_bowel_movements, pain_in_anal_region, bloody_stool
290,Dimorphic hemmorhoids(piles), constipation, pain_during_bowel_movements, pain_in_anal_region, bloody_stool
291,Heart attack, vomiting, breathlessness, sweating, chest_pain
292,Heart attack, vomiting, breathlessness, sweating, chest_pain
293,Heart attack, breathlessness, sweating, chest_pain,0
294,Heart attack, vomiting, sweating, chest_pain,0
295,Heart attack, vomiting, breathlessness, chest_pain,0
296,Heart attack, vomiting, breathlessness, sweating,0
297,Heart attack, vomiting, breathlessness, sweating, chest_pain
298,Heart attack, breathlessness, sweating, chest_pain,0
299,Heart attack, vomiting, sweating, chest_pain,0
300,Heart attack, vomiting, breathlessness, chest_pain,0
301,Varicose veins, fatigue, cramps, bruising, obesity
302,Varicose veins, fatigue, cramps, bruising, obesity
303,Varicose veins, cramps, bruising, obesity, swollen_legs
304,Varicose veins, fatigue, bruising, obesity, swollen_legs
305,Varicose veins, fatigue, cramps, obesity, swollen_legs
306,Varicose veins, fatigue, cramps, bruising, swollen_legs
307,Varicose veins, fatigue, cramps, bruising, obesity
308,Varicose veins, fatigue, cramps, bruising, obesity
309,Varicose veins, fatigue, cramps, bruising, obesity
310,Varicose veins, fatigue, cramps, bruising, obesity
311,Hypothyroidism, fatigue, weight_gain, cold_hands_and_feets, mood_swings
312,Hypothyroidism, fatigue, weight_gain, cold_hands_and_feets, mood_swings
313,Hypothyroidism, weight_gain, cold_hands_and_feets, mood_swings, lethargy
314,Hypothyroidism, weight_gain, cold_hands_and_feets, mood_swings, lethargy
315,Hypothyroidism, fatigue, cold_hands_and_feets, mood_swings, lethargy
316,Hypothyroidism, fatigue, weight_gain, mood_swings, lethargy
317,Hypothyroidism, fatigue, weight_gain, cold_hands_and_feets, lethargy
318,Hypothyroidism, fatigue, weight_gain, cold_hands_and_feets, mood_swings
319,Hypothyroidism, fatigue, weight_gain, cold_hands_and_feets, mood_swings
320,Hypothyroidism, fatigue, weight_gain, cold_hands_and_feets, mood_swings
321,Hyperthyroidism, fatigue, mood_swings, weight_loss, restlessness
322,Hyperthyroidism, fatigue, mood_swings, weight_loss, restlessness
323,Hyperthyroidism, mood_swings, weight_loss, restlessness, sweating
324,Hyperthyroidism, fatigue, weight_loss, restlessness, sweating
325,Hyperthyroidism, fatigue, mood_swings, restlessness, sweating
326,Hyperthyroidism, fatigue, mood_swings, weight_loss, sweating
327,Hyperthyroidism, fatigue, mood_swings, weight_loss, restlessness
328,Hyperthyroidism, fatigue, mood_swings, weight_loss, restlessness
329,Hyperthyroidism, fatigue, mood_swings, weight_loss, restlessness
330,Hyperthyroidism, fatigue, mood_swings, weight_loss, restlessness
331,Hypoglycemia, vomiting, fatigue, anxiety, sweating
332,Hypoglycemia, vomiting, fatigue, anxiety, sweating
333,Hypoglycemia, vomiting, fatigue, anxiety, sweating
334,Hypoglycemia, fatigue, anxiety, sweating, headache
335,Hypoglycemia, vomiting, anxiety, sweating, headache
336,Hypoglycemia, vomiting, fatigue, sweating, headache
337,Hypoglycemia, vomiting, fatigue, anxiety, headache
338,Hypoglycemia, vomiting, fatigue, anxiety, sweating
339,Hypoglycemia, vomiting, fatigue, anxiety, sweating
340,Hypoglycemia, vomiting, fatigue, anxiety, sweating
341,Osteoarthristis, joint_pain, neck_pain, knee_pain, hip_joint_pain
342,Osteoarthristis, joint_pain, neck_pain, knee_pain, hip_joint_pain
343,Osteoarthristis, neck_pain, knee_pain, hip_joint_pain, swelling_joints
344,Osteoarthristis, joint_pain, knee_pain, hip_joint_pain, swelling_joints
345,Osteoarthristis, joint_pain, neck_pain, hip_joint_pain, swelling_joints
346,Osteoarthristis, joint_pain, neck_pain, knee_pain, swelling_joints
347,Osteoarthristis, joint_pain, neck_pain, knee_pain, hip_joint_pain
348,Osteoarthristis, joint_pain, neck_pain, knee_pain, hip_joint_pain
349,Osteoarthristis, joint_pain, neck_pain, knee_pain, hip_joint_pain
350,Osteoarthristis, joint_pain, neck_pain, knee_pain, hip_joint_pain
351,Arthritis, muscle_weakness, stiff_neck, swelling_joints, movement_stiffness
352,Arthritis, muscle_weakness, stiff_neck, swelling_joints, movement_stiffness
353,Arthritis, stiff_neck, swelling_joints, movement_stiffness, painful_walking
354,Arthritis, muscle_weakness, swelling_joints, movement_stiffness, painful_walking
355,Arthritis, muscle_weakness, stiff_neck, movement_stiffness, painful_walking
356,Arthritis, muscle_weakness, stiff_neck, swelling_joints, painful_walking
357,Arthritis, muscle_weakness, stiff_neck, swelling_joints, movement_stiffness
358,Arthritis, muscle_weakness, stiff_neck, swelling_joints, movement_stiffness
359,Arthritis, muscle_weakness, stiff_neck, swelling_joints, movement_stiffness
360,Arthritis, muscle_weakness, stiff_neck, swelling_joints, movement_stiffness
361,(vertigo) Paroymsal  Positional Vertigo, vomiting, headache, nausea, spinning_movements
362,(vertigo) Paroymsal  Positional Vertigo, vomiting, headache, nausea, spinning_movements
363,(vertigo) Paroymsal  Positional Vertigo, headache, nausea, spinning_movements, loss_of_balance
364,(vertigo) Paroymsal  Positional Vertigo, vomiting, nausea, spinning_movements, loss_of_balance
365,(vertigo) Paroymsal  Positional Vertigo, vomiting, headache, spinning_movements, loss_of_balance
366,(vertigo) Paroymsal  Positional Vertigo, vomiting, headache, nausea, loss_of_balance
367,(vertigo) Paroymsal  Positional Vertigo, vomiting, headache, nausea, spinning_movements
368,(vertigo) Paroymsal  Positional Vertigo, vomiting, headache, nausea, spinning_movements
369,(vertigo) Paroymsal  Positional Vertigo, vomiting, headache, nausea, spinning_movements
370,(vertigo) Paroymsal  Positional Vertigo, vomiting, headache, nausea, loss_of_balance
371,Acne, skin_rash, pus_filled_pimples, blackheads, scurring
372,Acne, skin_rash, pus_filled_pimples, blackheads, scurring
373,Acne, pus_filled_pimples, blackheads, scurring,0
374,Acne, skin_rash, blackheads, scurring,0
375,Acne, skin_rash, pus_filled_pimples, scurring,0
376,Acne, skin_rash, pus_filled_pimples, blackheads,0
377,Acne, skin_rash, pus_filled_pimples, blackheads, scurring
378,Acne, skin_rash, pus_filled_pimples, blackheads,0
379,Acne, skin_rash, pus_filled_pimples, scurring,0
380,Acne, skin_rash, blackheads, scurring,0
381,Urinary tract infection, burning_micturition, bladder_discomfort, foul_smell_of urine, continuous_feel_of_urine
382,Urinary tract infection, burning_micturition, bladder_discomfort, foul_smell_of urine, continuous_feel_of_urine
383,Urinary tract infection, bladder_discomfort, foul_smell_of urine, continuous_feel_of_urine,0
384,Urinary tract infection, burning_micturition, foul_smell_of urine, continuous_feel_of_urine,0
385,Urinary tract infection, burning_micturition, bladder_discomfort, continuous_feel_of_urine,0
386,Urinary tract infection, burning_micturition, bladder_discomfort, foul_smell_of urine,0
387,Urinary tract infection, burning_micturition, bladder_discomfort, foul_smell_of urine, continuous_feel_of_urine
388,Urinary tract infection, burning_micturition, bladder_discomfort, continuous_feel_of_urine,0
389,Urinary tract infection, bladder_discomfort, foul_smell_of urine, continuous_feel_of_urine,0
390,Urinary tract infection, burning_micturition, bladder_discomfort, continuous_feel_of_urine,0
391,Psoriasis, skin_rash, joint_pain, skin_peeling, silver_like_dusting
392,Psoriasis, skin_rash, joint_pain, skin_peeling, silver_like_dusting
393,Psoriasis, joint_pain, skin_peeling, silver_like_dusting, small_dents_in_nails
394,Psoriasis, skin_rash, skin_peeling, silver_like_dusting, small_dents_in_nails
395,Psoriasis, skin_rash, joint_pain, silver_like_dusting, small_dents_in_nails
396,Psoriasis, skin_rash, joint_pain, skin_peeling, small_dents_in_nails
397,Psoriasis, skin_rash, joint_pain, skin_peeling, silver_like_dusting
398,Psoriasis, skin_rash, joint_pain, skin_peeling, silver_like_dusting
399,Psoriasis, skin_rash, joint_pain, skin_peeling, silver_like_dusting
400,Psoriasis, skin_rash, joint_pain, skin_peeling, silver_like_dusting
401,Impetigo, skin_rash, high_fever, blister, red_sore_around_nose
402,Impetigo, skin_rash, high_fever, blister, red_sore_around_nose
403,Impetigo, high_fever, blister, red_sore_around_nose, yellow_crust_ooze
404,Impetigo, skin_rash, blister, red_sore_around_nose, yellow_crust_ooze
405,Impetigo, skin_rash, blister, red_sore_around_nose, yellow_crust_ooze
406,Impetigo, skin_rash, high_fever, red_sore_around_nose, yellow_crust_ooze
407,Impetigo, skin_rash, high_fever, blister, yellow_crust_ooze
408,Impetigo, skin_rash, high_fever, blister, red_sore_around_nose
409,Impetigo, skin_rash, high_fever, blister, red_sore_around_nose
410,Impetigo, skin_rash, blister, red_sore_around_nose, yellow_crust_ooze
411,Fungal infection,itching, skin_rash, nodal_skin_eruptions, dischromic _patches
412,Fungal infection, skin_rash, nodal_skin_eruptions, dischromic _patches,0
413,Fungal infection,itching, nodal_skin_eruptions, dischromic _patches,0
414,Fungal infection,itching, skin_rash, dischromic _patches,0
415,Fungal infection,itching, skin_rash, nodal_skin_eruptions,0
416,Fungal infection, skin_rash, nodal_skin_eruptions, dischromic _patches,0
417,Fungal infection,itching, nodal_skin_eruptions, dischromic _patches,0
418,Fungal infection,itching, skin_rash, dischromic _patches,0
419,Fungal infection,itching, skin_rash, nodal_skin_eruptions,0
420,Fungal infection,itching, skin_rash, nodal_skin_eruptions, dischromic _patches
421,Allergy, continuous_sneezing, shivering, chills, watering_from_eyes
422,Allergy, shivering, chills, watering_from_eyes,0
423,Allergy, continuous_sneezing, chills, watering_from_eyes,0
424,Allergy, continuous_sneezing, shivering, watering_from_eyes,0
425,Allergy, continuous_sneezing, shivering, chills,0
426,Allergy, shivering, chills, watering_from_eyes,0
427,Allergy, continuous_sneezing, chills, watering_from_eyes,0
428,Allergy, continuous_sneezing, shivering, watering_from_eyes,0
429,Allergy, continuous_sneezing, shivering, chills,0
430,Allergy, continuous_sneezing, shivering, chills, watering_from_eyes
431,GERD, stomach_pain, acidity, ulcers_on_tongue, vomiting
432,GERD, stomach_pain, ulcers_on_tongue, vomiting, cough
433,GERD, stomach_pain, acidity, vomiting, cough
434,GERD, stomach_pain, acidity, ulcers_on_tongue, cough
435,GERD, stomach_pain, acidity, ulcers_on_tongue, vomiting
436,GERD, stomach_pain, acidity, ulcers_on_tongue, vomiting
437,GERD, acidity, ulcers_on_tongue, vomiting, cough
438,GERD, stomach_pain, ulcers_on_tongue, vomiting, cough
439,GERD, stomach_pain, acidity, vomiting, cough
440,GERD, stomach_pain, acidity, ulcers_on_tongue, cough
441,Chronic cholestasis,itching, vomiting, yellowish_skin, nausea
442,Chronic cholestasis, vomiting, yellowish_skin, nausea, loss_of_appetite
443,Chronic cholestasis,itching, yellowish_skin, nausea, loss_of_appetite
444,Chronic cholestasis,itching, vomiting, nausea, loss_of_appetite
445,Chronic cholestasis,itching, vomiting, yellowish_skin, loss_of_appetite
446,Chronic cholestasis,itching, vomiting, yellowish_skin, nausea
447,Chronic cholestasis,itching, vomiting, yellowish_skin, nausea
448,Chronic cholestasis,itching, vomiting, yellowish_skin, nausea
449,Chronic cholestasis,itching, vomiting, yellowish_skin, nausea
450,Chronic cholestasis,itching, vomiting, yellowish_skin, nausea
451,Drug Reaction,itching, skin_rash, stomach_pain, burning_micturition
452,Drug Reaction,itching, stomach_pain, burning_micturition, spotting_ urination
453,Drug Reaction,itching, skin_rash, burning_micturition, spotting_ urination
454,Drug Reaction,itching, skin_rash, stomach_pain, spotting_ urination
455,Drug Reaction,itching, skin_rash, stomach_pain, burning_micturition
456,Drug Reaction, skin_rash, stomach_pain, burning_micturition, spotting_ urination
457,Drug Reaction,itching, stomach_pain, burning_micturition, spotting_ urination
458,Drug Reaction,itching, skin_rash, burning_micturition, spotting_ urination
459,Drug Reaction,itching, skin_rash, stomach_pain, spotting_ urination
460,Drug Reaction,itching, skin_rash, stomach_pain, burning_micturition
461,Peptic ulcer diseae, vomiting, loss_of_appetite, abdominal_pain, passage_of_gases
462,Peptic ulcer diseae, vomiting, indigestion, abdominal_pain, passage_of_gases
463,Peptic ulcer diseae, indigestion, loss_of_appetite, abdominal_pain, passage_of_gases
464,Peptic ulcer diseae, vomiting, loss_of_appetite, abdominal_pain, passage_of_gases
465,Peptic ulcer diseae, vomiting, indigestion, abdominal_pain, passage_of_gases
466,Peptic ulcer diseae, vomiting, indigestion, loss_of_appetite, passage_of_gases
467,Peptic ulcer diseae, vomiting, indigestion, loss_of_appetite, abdominal_pain
468,Peptic ulcer diseae, vomiting, indigestion, loss_of_appetite, abdominal_pain
469,Peptic ulcer diseae, vomiting, indigestion, loss_of_appetite, abdominal_pain
470,Peptic ulcer diseae, vomiting, indigestion, loss_of_appetite, abdominal_pain
471,AIDS, muscle_wasting, patches_in_throat, high_fever, extra_marital_contacts
472,AIDS, patches_in_throat, high_fever, extra_marital_contacts,0
473,AIDS, muscle_wasting, high_fever, extra_marital_contacts,0
474,AIDS, muscle_wasting, patches_in_throat, extra_marital_contacts,0
475,AIDS, muscle_wasting, patches_in_throat, high_fever,0
476,AIDS, muscle_wasting, patches_in_throat, high_fever, extra_marital_contacts
477,AIDS, muscle_wasting, patches_in_throat, high_fever, extra_marital_contacts
478,AIDS, patches_in_throat, high_fever, extra_marital_contacts,0
479,AIDS, muscle_wasting, high_fever, extra_marital_contacts,0
480,AIDS, muscle_wasting, patches_in_throat, high_fever,0
481,Diabetes , fatigue, weight_loss, restlessness, lethargy
482,Diabetes , fatigue, weight_loss, restlessness, lethargy
483,Diabetes , weight_loss, restlessness, lethargy, irregular_sugar_level
484,Diabetes , fatigue, restlessness, lethargy, irregular_sugar_level
485,Diabetes , fatigue, weight_loss, lethargy, irregular_sugar_level
486,Diabetes , fatigue, weight_loss, restlessness, irregular_sugar_level
487,Diabetes , fatigue, weight_loss, restlessness, lethargy
488,Diabetes , fatigue, weight_loss, restlessness, lethargy
489,Diabetes , fatigue, weight_loss, restlessness, lethargy
490,Diabetes , fatigue, weight_loss, restlessness, lethargy
491,Gastroenteritis, vomiting, sunken_eyes, dehydration, diarrhoea
492,Gastroenteritis, vomiting, sunken_eyes, dehydration, diarrhoea
493,Gastroenteritis, sunken_eyes, dehydration, diarrhoea,0
494,Gastroenteritis, vomiting, dehydration, diarrhoea,0
495,Gastroenteritis, vomiting, sunken_eyes, diarrhoea,0
496,Gastroenteritis, vomiting, sunken_eyes, dehydration,0
497,Gastroenteritis, vomiting, sunken_eyes, dehydration, diarrhoea
498,Gastroenteritis, sunken_eyes, dehydration, diarrhoea,0
499,Gastroenteritis, vomiting, dehydration, diarrhoea,0
500,Gastroenteritis, vomiting, sunken_eyes, diarrhoea,0
501,Bronchial Asthma, fatigue, cough, high_fever, breathlessness
502,Bronchial Asthma, cough, high_fever, breathlessness, family_history
503,Bronchial Asthma, fatigue, high_fever, breathlessness, family_history
504,Bronchial Asthma, fatigue, cough, breathlessness, family_history
505,Bronchial Asthma, fatigue, cough, high_fever, family_history
506,Bronchial Asthma, fatigue, cough, high_fever, breathlessness
507,Bronchial Asthma, fatigue, cough, high_fever, breathlessness
508,Bronchial Asthma, fatigue, cough, high_fever, breathlessness
509,Bronchial Asthma, cough, high_fever, breathlessness, family_history
510,Bronchial Asthma, fatigue, high_fever, breathlessness, family_history
511,Hypertension , headache, chest_pain, dizziness, loss_of_balance
512,Hypertension , chest_pain, dizziness, loss_of_balance, lack_of_concentration
513,Hypertension , headache, dizziness, loss_of_balance, lack_of_concentration
514,Hypertension , headache, chest_pain, loss_of_balance, lack_of_concentration
515,Hypertension , headache, chest_pain, dizziness, lack_of_concentration
516,Hypertension , headache, chest_pain, dizziness, loss_of_balance
517,Hypertension , headache, chest_pain, dizziness, loss_of_balance
518,Hypertension , chest_pain, dizziness, loss_of_balance, lack_of_concentration
519,Hypertension , headache, dizziness, loss_of_balance, lack_of_concentration
520,Hypertension , headache, chest_pain, loss_of_balance, lack_of_concentration
521,Migraine, acidity, indigestion, headache, blurred_and_distorted_vision
522,Migraine, indigestion, headache, blurred_and_distorted_vision, excessive_hunger
523,Migraine, acidity, headache, blurred_and_distorted_vision, excessive_hunger
524,Migraine, acidity, indigestion, blurred_and_distorted_vision, excessive_hunger
525,Migraine, acidity, indigestion, headache, excessive_hunger
526,Migraine, acidity, indigestion, headache, blurred_and_distorted_vision
527,Migraine, acidity, indigestion, headache, blurred_and_distorted_vision
528,Migraine, acidity, indigestion, headache, blurred_and_distorted_vision
529,Migraine, acidity, indigestion, headache, blurred_and_distorted_vision
530,Migraine, acidity, indigestion, headache, blurred_and_distorted_vision
531,Cervical spondylosis, back_pain, weakness_in_limbs, neck_pain, dizziness
532,Cervical spondylosis, back_pain, weakness_in_limbs, neck_pain, dizziness
533,Cervical spondylosis, weakness_in_limbs, neck_pain, dizziness, loss_of_balance
534,Cervical spondylosis, back_pain, neck_pain, dizziness, loss_of_balance
535,Cervical spondylosis, back_pain, weakness_in_limbs, dizziness, loss_of_balance
536,Cervical spondylosis, back_pain, weakness_in_limbs, neck_pain, loss_of_balance
537,Cervical spondylosis, back_pain, weakness_in_limbs, neck_pain, dizziness
538,Cervical spondylosis, back_pain, weakness_in_limbs, neck_pain, dizziness
539,Cervical spondylosis, weakness_in_limbs, neck_pain, dizziness, loss_of_balance
540,Cervical spondylosis, back_pain, neck_pain, dizziness, loss_of_balance
541,Paralysis (brain hemorrhage), vomiting, headache, weakness_of_one_body_side, altered_sensorium
542,Paralysis (brain hemorrhage), vomiting, headache, weakness_of_one_body_side, altered_sensorium
543,Paralysis (brain hemorrhage), headache, weakness_of_one_body_side, altered_sensorium,0
544,Paralysis (brain hemorrhage), vomiting, weakness_of_one_body_side, altered_sensorium,0
545,Paralysis (brain hemorrhage), vomiting, headache, altered_sensorium,0
546,Paralysis (brain hemorrhage), vomiting, headache, weakness_of_one_body_side,0
547,Paralysis (brain hemorrhage), vomiting, headache, weakness_of_one_body_side, altered_sensorium
548,Paralysis (brain hemorrhage), headache, weakness_of_one_body_side, altered_sensorium,0
549,Paralysis (brain hemorrhage), vomiting, weakness_of_one_body_side, altered_sensorium,0
550,Paralysis (brain hemorrhage), vomiting, headache, altered_sensorium,0
551,Jaundice,itching, vomiting, fatigue, weight_loss
552,Jaundice,itching, vomiting, fatigue, weight_loss
553,Jaundice, vomiting, fatigue, weight_loss, high_fever
554,Jaundice,itching, fatigue, weight_loss, high_fever
555,Jaundice,itching, vomiting, weight_loss, high_fever
556,Jaundice,itching, vomiting, fatigue, high_fever
557,Jaundice,itching, vomiting, fatigue, weight_loss
558,Jaundice,itching, vomiting, fatigue, weight_loss
559,Jaundice,itching, vomiting, fatigue, weight_loss
560,Jaundice,itching, vomiting, fatigue, weight_loss
561,Malaria, chills, vomiting, high_fever, sweating
562,Malaria, chills, vomiting, high_fever, sweating
563,Malaria, chills, vomiting, high_fever, sweating
564,Malaria, vomiting, high_fever, sweating, headache
565,Malaria, chills, high_fever, sweating, headache
566,Malaria, chills, vomiting, sweating, headache
567,Malaria, chills, vomiting, high_fever, headache
568,Malaria, chills, vomiting, high_fever, sweating
569,Malaria, chills, vomiting, high_fever, sweating
570,Malaria, chills, vomiting, high_fever, sweating
571,Chicken pox,itching, skin_rash, fatigue, lethargy
572,Chicken pox, skin_rash, fatigue, lethargy, high_fever
573,Chicken pox,itching, fatigue, lethargy, high_fever
574,Chicken pox,itching, skin_rash, lethargy, high_fever
575,Chicken pox,itching, skin_rash, fatigue, high_fever
576,Chicken pox,itching, skin_rash, fatigue, lethargy
577,Chicken pox,itching, skin_rash, fatigue, lethargy
578,Chicken pox,itching, skin_rash, fatigue, lethargy
579,Chicken pox,itching, skin_rash, fatigue, lethargy
580,Chicken pox,itching, skin_rash, fatigue, lethargy
581,Dengue, skin_rash, chills, joint_pain, vomiting
582,Dengue, skin_rash, chills, joint_pain, vomiting
583,Dengue, skin_rash, chills, joint_pain, vomiting
584,Dengue, skin_rash, chills, joint_pain, vomiting
585,Dengue, chills, joint_pain, vomiting, fatigue
586,Dengue, skin_rash, joint_pain, vomiting, fatigue
587,Dengue, skin_rash, chills, vomiting, fatigue
588,Dengue, skin_rash, chills, joint_pain, fatigue
589,Dengue, skin_rash, chills, joint_pain, vomiting
590,Dengue, skin_rash, chills, joint_pain, vomiting
591,Typhoid, chills, vomiting, fatigue, high_fever
592,Typhoid, chills, vomiting, fatigue, high_fever
593,Typhoid, chills, vomiting, fatigue, high_fever
594,Typhoid, chills, vomiting, fatigue, high_fever
595,Typhoid, chills, vomiting, fatigue, high_fever
596,Typhoid, chills, vomiting, fatigue, high_fever
597,Typhoid, chills, vomiting, fatigue, high_fever
598,Typhoid, chills, vomiting, fatigue, high_fever
599,Typhoid, chills, vomiting, fatigue, high_fever
600,Typhoid, chills, fatigue, high_fever, headache
601,hepatitis A, joint_pain, vomiting, yellowish_skin, dark_urine
602,hepatitis A, joint_pain, vomiting, yellowish_skin, dark_urine
603,hepatitis A, vomiting, yellowish_skin, dark_urine, nausea
604,hepatitis A, joint_pain, yellowish_skin, dark_urine, nausea
605,hepatitis A, joint_pain, vomiting, dark_urine, nausea
606,hepatitis A, joint_pain, vomiting, yellowish_skin, nausea
607,hepatitis A, joint_pain, vomiting, yellowish_skin, dark_urine
608,hepatitis A, joint_pain, vomiting, yellowish_skin, dark_urine
609,hepatitis A, joint_pain, vomiting, yellowish_skin, dark_urine
610,hepatitis A, joint_pain, vomiting, yellowish_skin, dark_urine
611,Hepatitis B,itching, fatigue, lethargy, yellowish_skin
612,Hepatitis B,itching, fatigue, lethargy, yellowish_skin
613,Hepatitis B, fatigue, lethargy, yellowish_skin, dark_urine
614,Hepatitis B,itching, lethargy, yellowish_skin, dark_urine
615,Hepatitis B,itching, fatigue, yellowish_skin, dark_urine
616,Hepatitis B,itching, fatigue, lethargy, dark_urine
617,Hepatitis B,itching, fatigue, lethargy, yellowish_skin
618,Hepatitis B,itching, fatigue, lethargy, yellowish_skin
619,Hepatitis B,itching, fatigue, lethargy, yellowish_skin
620,Hepatitis B,itching, fatigue, lethargy, yellowish_skin
621,Hepatitis C, fatigue, yellowish_skin, nausea, loss_of_appetite
622,Hepatitis C, fatigue, yellowish_skin, nausea, loss_of_appetite
623,Hepatitis C, yellowish_skin, nausea, loss_of_appetite, yellowing_of_eyes
624,Hepatitis C, fatigue, nausea, loss_of_appetite, yellowing_of_eyes
625,Hepatitis C, fatigue, yellowish_skin, loss_of_appetite, yellowing_of_eyes
626,Hepatitis C, fatigue, yellowish_skin, nausea, yellowing_of_eyes
627,Hepatitis C, fatigue, yellowish_skin, nausea, loss_of_appetite
628,Hepatitis C, fatigue, yellowish_skin, nausea, loss_of_appetite
629,Hepatitis C, fatigue, yellowish_skin, nausea, loss_of_appetite
630,Hepatitis C, fatigue, yellowish_skin, nausea, loss_of_appetite
631,Hepatitis D, joint_pain, vomiting, fatigue, yellowish_skin
632,Hepatitis D, vomiting, fatigue, yellowish_skin, dark_urine
633,Hepatitis D, joint_pain, fatigue, yellowish_skin, dark_urine
634,Hepatitis D, joint_pain, vomiting, yellowish_skin, dark_urine
635,Hepatitis D, joint_pain, vomiting, fatigue, dark_urine
636,Hepatitis D, joint_pain, vomiting, fatigue, yellowish_skin
637,Hepatitis D, joint_pain, vomiting, fatigue, yellowish_skin
638,Hepatitis D, joint_pain, vomiting, fatigue, yellowish_skin
639,Hepatitis D, joint_pain, vomiting, fatigue, yellowish_skin
640,Hepatitis D, joint_pain, vomiting, fatigue, yellowish_skin
641,Hepatitis E, joint_pain, vomiting, fatigue, high_fever
642,Hepatitis E, joint_pain, vomiting, fatigue, high_fever
643,Hepatitis E, joint_pain, vomiting, fatigue, high_fever
644,Hepatitis E, vomiting, fatigue, high_fever, yellowish_skin
645,Hepatitis E, joint_pain, fatigue, high_fever, yellowish_skin
646,Hepatitis E, joint_pain, vomiting, high_fever, yellowish_skin
647,Hepatitis E, joint_pain, vomiting, fatigue, yellowish_skin
648,Hepatitis E, joint_pain, vomiting, fatigue, high_fever
649,Hepatitis E, joint_pain, vomiting, fatigue, high_fever
650,Hepatitis E, joint_pain, vomiting, fatigue, high_fever
651,Alcoholic hepatitis, vomiting, yellowish_skin, abdominal_pain, swelling_of_stomach
652,Alcoholic hepatitis, vomiting, yellowish_skin, abdominal_pain, swelling_of_stomach
653,Alcoholic hepatitis, yellowish_skin, abdominal_pain, swelling_of_stomach, distention_of_abdomen
654,Alcoholic hepatitis, vomiting, abdominal_pain, swelling_of_stomach, distention_of_abdomen
655,Alcoholic hepatitis, vomiting, yellowish_skin, swelling_of_stomach, distention_of_abdomen
656,Alcoholic hepatitis, vomiting, yellowish_skin, abdominal_pain, distention_of_abdomen
657,Alcoholic hepatitis, vomiting, yellowish_skin, abdominal_pain, swelling_of_stomach
658,Alcoholic hepatitis, vomiting, yellowish_skin, abdominal_pain, swelling_of_stomach
659,Alcoholic hepatitis, vomiting, yellowish_skin, abdominal_pain, swelling_of_stomach
660,Alcoholic hepatitis, vomiting, yellowish_skin, abdominal_pain, swelling_of_stomach
661,Tuberculosis, chills, vomiting, fatigue, weight_loss
662,Tuberculosis, chills, vomiting, fatigue, weight_loss
663,Tuberculosis, vomiting, fatigue, weight_loss, cough
664,Tuberculosis, chills, fatigue, weight_loss, cough
665,Tuberculosis, chills, vomiting, weight_loss, cough
666,Tuberculosis, chills, vomiting, fatigue, cough
667,Tuberculosis, chills, vomiting, fatigue, weight_loss
668,Tuberculosis, chills, vomiting, fatigue, weight_loss
669,Tuberculosis, chills, vomiting, fatigue, weight_loss
670,Tuberculosis, chills, vomiting, fatigue, weight_loss
671,Common Cold, continuous_sneezing, chills, fatigue, cough
672,Common Cold, continuous_sneezing, chills, fatigue, cough
673,Common Cold, chills, fatigue, cough, high_fever
674,Common Cold, continuous_sneezing, fatigue, cough, high_fever
675,Common Cold, continuous_sneezing, chills, cough, high_fever
676,Common Cold, continuous_sneezing, chills, fatigue, high_fever
677,Common Cold, continuous_sneezing, chills, fatigue, cough
678,Common Cold, continuous_sneezing, chills, fatigue, cough
679,Common Cold, continuous_sneezing, chills, fatigue, cough
680,Common Cold, continuous_sneezing, chills, fatigue, cough
681,Pneumonia, chills, fatigue, cough, high_fever
682,Pneumonia, chills, fatigue, cough, high_fever
683,Pneumonia, chills, fatigue, cough, high_fever
684,Pneumonia, fatigue, cough, high_fever, breathlessness
685,Pneumonia, chills, cough, high_fever, breathlessness
686,Pneumonia, chills, fatigue, high_fever, breathlessness
687,Pneumonia, chills, fatigue, cough, breathlessness
688,Pneumonia, chills, fatigue, cough, high_fever
689,Pneumonia, chills, fatigue, cough, high_fever
690,Pneumonia, chills, fatigue, cough, high_fever
691,Dimorphic hemmorhoids(piles), constipation, pain_during_bowel_movements, pain_in_anal_region, bloody_stool
692,Dimorphic hemmorhoids(piles), constipation, pain_during_bowel_movements, pain_in_anal_region, bloody_stool
693,Dimorphic hemmorhoids(piles), constipation, pain_during_bowel_movements, pain_in_anal_region, bloody_stool
694,Dimorphic hemmorhoids(piles), pain_during_bowel_movements, pain_in_anal_region, bloody_stool, irritation_in_anus
695,Dimorphic hemmorhoids(piles), constipation, pain_in_anal_region, bloody_stool, irritation_in_anus
696,Dimorphic hemmorhoids(piles), constipation, pain_during_bowel_movements, bloody_stool, irritation_in_anus
697,Dimorphic hemmorhoids(piles), constipation, pain_during_bowel_movements, pain_in_anal_region, irritation_in_anus
698,Dimorphic hemmorhoids(piles), constipation, pain_during_bowel_movements, pain_in_anal_region, bloody_stool
699,Dimorphic hemmorhoids(piles), constipation, pain_during_bowel_movements, pain_in_anal_region, bloody_stool
700,Dimorphic hemmorhoids(piles), constipation, pain_during_bowel_movements, pain_in_anal_region, bloody_stool
701,Heart attack, vomiting, breathlessness, sweating, chest_pain
702,Heart attack, vomiting, breathlessness, sweating, chest_pain
703,Heart attack, breathlessness, sweating, chest_pain,0
704,Heart attack, vomiting, sweating, chest_pain,0
705,Heart attack, vomiting, breathlessness, chest_pain,0
706,Heart attack, vomiting, breathlessness, sweating,0
707,Heart attack, vomiting, breathlessness, sweating, chest_pain
708,Heart attack, breathlessness, sweating, chest_pain,0
709,Heart attack, vomiting, sweating, chest_pain,0
710,Heart attack, vomiting, breathlessness, chest_pain,0
711,Varicose veins, fatigue, cramps, bruising, obesity
712,Varicose veins, fatigue, cramps, bruising, obesity
713,Varicose veins, cramps, bruising, obesity, swollen_legs
714,Varicose veins, fatigue, bruising, obesity, swollen_legs
715,Varicose veins, fatigue, cramps, obesity, swollen_legs
716,Varicose veins, fatigue, cramps, bruising, swollen_legs
717,Varicose veins, fatigue, cramps, bruising, obesity
718,Varicose veins, fatigue, cramps, bruising, obesity
719,Varicose veins, fatigue, cramps, bruising, obesity
720,Varicose veins, fatigue, cramps, bruising, obesity
721,Hypothyroidism, fatigue, weight_gain, cold_hands_and_feets, mood_swings
722,Hypothyroidism, fatigue, weight_gain, cold_hands_and_feets, mood_swings
723,Hypothyroidism, weight_gain, cold_hands_and_feets, mood_swings, lethargy
724,Hypothyroidism, weight_gain, cold_hands_and_feets, mood_swings, lethargy
725,Hypothyroidism, fatigue, cold_hands_and_feets, mood_swings, lethargy
726,Hypothyroidism, fatigue, weight_gain, mood_swings, lethargy
727,Hypothyroidism, fatigue, weight_gain, cold_hands_and_feets, lethargy
728,Hypothyroidism, fatigue, weight_gain, cold_hands_and_feets, mood_swings
729,Hypothyroidism, fatigue, weight_gain, cold_hands_and_feets, mood_swings
730,Hypothyroidism, fatigue, weight_gain, cold_hands_and_feets, mood_swings
731,Hyperthyroidism, fatigue, mood_swings, weight_loss, restlessness
732,Hyperthyroidism, fatigue, mood_swings, weight_loss, restlessness
733,Hyperthyroidism, mood_swings, weight_loss, restlessness, sweating
734,Hyperthyroidism, fatigue, weight_loss, restlessness, sweating
735,Hyperthyroidism, fatigue, mood_swings, restlessness, sweating
736,Hyperthyroidism, fatigue, mood_swings, weight_loss, sweating
737,Hyperthyroidism, fatigue, mood_swings, weight_loss, restlessness
738,Hyperthyroidism, fatigue, mood_swings, weight_loss, restlessness
739,Hyperthyroidism, fatigue, mood_swings, weight_loss, restlessness
740,Hyperthyroidism, fatigue, mood_swings, weight_loss, restlessness
741,Hypoglycemia, vomiting, fatigue, anxiety, sweating
742,Hypoglycemia, vomiting, fatigue, anxiety, sweating
743,Hypoglycemia, vomiting, fatigue, anxiety, sweating
744,Hypoglycemia, fatigue, anxiety, sweating, headache
745,Hypoglycemia, vomiting, anxiety, sweating, headache
746,Hypoglycemia, vomiting, fatigue, sweating, headache
747,Hypoglycemia, vomiting, fatigue, anxiety, headache
748,Hypoglycemia, vomiting, fatigue, anxiety, sweating
749,Hypoglycemia, vomiting, fatigue, anxiety, sweating
750,Hypoglycemia, vomiting, fatigue, anxiety, sweating
751,Osteoarthristis, joint_pain, neck_pain, knee_pain, hip_joint_pain
752,Osteoarthristis, joint_pain, neck_pain, knee_pain, hip_joint_pain
753,Osteoarthristis, neck_pain, knee_pain, hip_joint_pain, swelling_joints
754,Osteoarthristis, joint_pain, knee_pain, hip_joint_pain, swelling_joints
755,Osteoarthristis, joint_pain, neck_pain, hip_joint_pain, swelling_joints
756,Osteoarthristis, joint_pain, neck_pain, knee_pain, swelling_joints
757,Osteoarthristis, joint_pain, neck_pain, knee_pain, hip_joint_pain
758,Osteoarthristis, joint_pain, neck_pain, knee_pain, hip_joint_pain
759,Osteoarthristis, joint_pain, neck_pain, knee_pain, hip_joint_pain
760,Osteoarthristis, joint_pain, neck_pain, knee_pain, hip_joint_pain
761,Arthritis, muscle_weakness, stiff_neck, swelling_joints, movement_stiffness
762,Arthritis, muscle_weakness, stiff_neck, swelling_joints, movement_stiffness
763,Arthritis, stiff_neck, swelling_joints, movement_stiffness, painful_walking
764,Arthritis, muscle_weakness, swelling_joints, movement_stiffness, painful_walking
765,Arthritis, muscle_weakness, stiff_neck, movement_stiffness, painful_walking
766,Arthritis, muscle_weakness, stiff_neck, swelling_joints, painful_walking
767,Arthritis, muscle_weakness, stiff_neck, swelling_joints, movement_stiffness
768,Arthritis, muscle_weakness, stiff_neck, swelling_joints, movement_stiffness
769,Arthritis, muscle_weakness, stiff_neck, swelling_joints, movement_stiffness
770,Arthritis, muscle_weakness, stiff_neck, swelling_joints, movement_stiffness
771,(vertigo) Paroymsal  Positional Vertigo, vomiting, headache, nausea, spinning_movements
772,(vertigo) Paroymsal  Positional Vertigo, vomiting, headache, nausea, spinning_movements
773,(vertigo) Paroymsal  Positional Vertigo, headache, nausea, spinning_movements, loss_of_balance
774,(vertigo) Paroymsal  Positional Vertigo, vomiting, nausea, spinning_movements, loss_of_balance
775,(vertigo) Paroymsal  Positional Vertigo, vomiting, headache, spinning_movements, loss_of_balance
776,(vertigo) Paroymsal  Positional Vertigo, vomiting, headache, nausea, loss_of_balance
777,(vertigo) Paroymsal  Positional Vertigo, vomiting, headache, nausea, spinning_movements
778,(vertigo) Paroymsal  Positional Vertigo, vomiting, headache, nausea, spinning_movements
779,(vertigo) Paroymsal  Positional Vertigo, vomiting, headache, nausea, spinning_movements
780,(vertigo) Paroymsal  Positional Vertigo, vomiting, headache, nausea, loss_of_balance
781,Acne, skin_rash, pus_filled_pimples, blackheads, scurring
782,Acne, skin_rash, pus_filled_pimples, blackheads, scurring
783,Acne, pus_filled_pimples, blackheads, scurring,0
784,Acne, skin_rash, blackheads, scurring,0
785,Acne, skin_rash, pus_filled_pimples, scurring,0
786,Acne, skin_rash, pus_filled_pimples, blackheads,0
787,Acne, skin_rash, pus_filled_pimples, blackheads, scurring
788,Acne, skin_rash, pus_filled_pimples, blackheads,0
789,Acne, skin_rash, pus_filled_pimples, scurring,0
790,Acne, skin_rash, blackheads, scurring,0
791,Urinary tract infection, burning_micturition, bladder_discomfort, foul_smell_of urine, continuous_feel_of_urine
792,Urinary tract infection, burning_micturition, bladder_discomfort, foul_smell_of urine, continuous_feel_of_urine
793,Urinary tract infection, bladder_discomfort, foul_smell_of urine, continuous_feel_of_urine,0
794,Urinary tract infection, burning_micturition, foul_smell_of urine, continuous_feel_of_urine,0
795,Urinary tract infection, burning_micturition, bladder_discomfort, continuous_feel_of_urine,0
796,Urinary tract infection, burning_micturition, bladder_discomfort, foul_smell_of urine,0
797,Urinary tract infection, burning_micturition, bladder_discomfort, foul_smell_of urine, continuous_feel_of_urine
798,Urinary tract infection, burning_micturition, bladder_discomfort, continuous_feel_of_urine,0
799,Urinary tract infection, bladder_discomfort, foul_smell_of urine, continuous_feel_of_urine,0
800,Urinary tract infection, burning_micturition, bladder_discomfort, continuous_feel_of_urine,0
801,Psoriasis, skin_rash, joint_pain, skin_peeling, silver_like_dusting
802,Psoriasis, skin_rash, joint_pain, skin_peeling, silver_like_dusting
803,Psoriasis, joint_pain, skin_peeling, silver_like_dusting, small_dents_in_nails
804,Psoriasis, skin_rash, skin_peeling, silver_like_dusting, small_dents_in_nails
805,Psoriasis, skin_rash, joint_pain, silver_like_dusting, small_dents_in_nails
806,Psoriasis, skin_rash, joint_pain, skin_peeling, small_dents_in_nails
807,Psoriasis, skin_rash, joint_pain, skin_peeling, silver_like_dusting
808,Psoriasis, skin_rash, joint_pain, skin_peeling, silver_like_dusting
809,Psoriasis, skin_rash, joint_pain, skin_peeling, silver_like_dusting
810,Psoriasis, skin_rash, joint_pain, skin_peeling, silver_like_dusting
811,Impetigo, skin_rash, high_fever, blister, red_sore_around_nose
812,Impetigo, skin_rash, high_fever, blister, red_sore_around_nose
813,Impetigo, high_fever, blister, red_sore_around_nose, yellow_crust_ooze
814,Impetigo, skin_rash, blister, red_sore_around_nose, yellow_crust_ooze
815,Impetigo, skin_rash, blister, red_sore_around_nose, yellow_crust_ooze
816,Impetigo, skin_rash, high_fever, red_sore_around_nose, yellow_crust_ooze
817,Impetigo, skin_rash, high_fever, blister, yellow_crust_ooze
818,Impetigo, skin_rash, high_fever, blister, red_sore_around_nose
819,Impetigo, skin_rash, high_fever, blister, red_sore_around_nose
820,Impetigo, skin_rash, blister, red_sore_around_nose, yellow_crust_ooze
821,Fungal infection,itching, skin_rash, nodal_skin_eruptions, dischromic _patches
822,Fungal infection, skin_rash, nodal_skin_eruptions, dischromic _patches,0
823,Fungal infection,itching, nodal_skin_eruptions, dischromic _patches,0
824,Fungal infection,itching, skin_rash, dischromic _patches,0
825,Fungal infection,itching, skin_rash, nodal_skin_eruptions,0
826,Fungal infection, skin_rash, nodal_skin_eruptions, dischromic _patches,0
827,Fungal infection,itching, nodal_skin_eruptions, dischromic _patches,0
828,Fungal infection,itching, skin_rash, dischromic _patches,0
829,Fungal infection,itching, skin_rash, nodal_skin_eruptions,0
830,Fungal infection,itching, skin_rash, nodal_skin_eruptions, dischromic _patches
831,Allergy, continuous_sneezing, shivering, chills, watering_from_eyes
832,Allergy, shivering, chills, watering_from_eyes,0
833,Allergy, continuous_sneezing, chills, watering_from_eyes,0
834,Allergy, continuous_sneezing, shivering, watering_from_eyes,0
835,Allergy, continuous_sneezing, shivering, chills,0
836,Allergy, shivering, chills, watering_from_eyes,0
837,Allergy, continuous_sneezing, chills, watering_from_eyes,0
838,Allergy, continuous_sneezing, shivering, watering_from_eyes,0
839,Allergy, continuous_sneezing, shivering, chills,0
840,Allergy, continuous_sneezing, shivering, chills, watering_from_eyes
841,GERD, stomach_pain, acidity, ulcers_on_tongue, vomiting
842,GERD, stomach_pain, ulcers_on_tongue, vomiting, cough
843,GERD, stomach_pain, acidity, vomiting, cough
844,GERD, stomach_pain, acidity, ulcers_on_tongue, cough
845,GERD, stomach_pain, acidity, ulcers_on_tongue, vomiting
846,GERD, stomach_pain, acidity, ulcers_on_tongue, vomiting
847,GERD, acidity, ulcers_on_tongue, vomiting, cough
848,GERD, stomach_pain, ulcers_on_tongue, vomiting, cough
849,GERD, stomach_pain, acidity, vomiting, cough
850,GERD, stomach_pain, acidity, ulcers_on_tongue, cough
851,Chronic cholestasis,itching, vomiting, yellowish_skin, nausea
852,Chronic cholestasis, vomiting, yellowish_skin, nausea, loss_of_appetite
853,Chronic cholestasis,itching, yellowish_skin, nausea, loss_of_appetite
854,Chronic cholestasis,itching, vomiting, nausea, loss_of_appetite
855,Chronic cholestasis,itching, vomiting, yellowish_skin, loss_of_appetite
856,Chronic cholestasis,itching, vomiting, yellowish_skin, nausea
857,Chronic cholestasis,itching, vomiting, yellowish_skin, nausea
858,Chronic cholestasis,itching, vomiting, yellowish_skin, nausea
859,Chronic cholestasis,itching, vomiting, yellowish_skin, nausea
860,Chronic cholestasis,itching, vomiting, yellowish_skin, nausea
861,Drug Reaction,itching, skin_rash, stomach_pain, burning_micturition
862,Drug Reaction,itching, stomach_pain, burning_micturition, spotting_ urination
863,Drug Reaction,itching, skin_rash, burning_micturition, spotting_ urination
864,Drug Reaction,itching, skin_rash, stomach_pain, spotting_ urination
865,Drug Reaction,itching, skin_rash, stomach_pain, burning_micturition
866,Drug Reaction, skin_rash, stomach_pain, burning_micturition, spotting_ urination
867,Drug Reaction,itching, stomach_pain, burning_micturition, spotting_ urination
868,Drug Reaction,itching, skin_rash, burning_micturition, spotting_ urination
869,Drug Reaction,itching, skin_rash, stomach_pain, spotting_ urination
870,Drug Reaction,itching, skin_rash, stomach_pain, burning_micturition
871,Peptic ulcer diseae, vomiting, loss_of_appetite, abdominal_pain, passage_of_gases
872,Peptic ulcer diseae, vomiting, indigestion, abdominal_pain, passage_of_gases
873,Peptic ulcer diseae, indigestion, loss_of_appetite, abdominal_pain, passage_of_gases
874,Peptic ulcer diseae, vomiting, loss_of_appetite, abdominal_pain, passage_of_gases
875,Peptic ulcer diseae, vomiting, indigestion, abdominal_pain, passage_of_gases
876,Peptic ulcer diseae, vomiting, indigestion, loss_of_appetite, passage_of_gases
877,Peptic ulcer diseae, vomiting, indigestion, loss_of_appetite, abdominal_pain
878,Peptic ulcer diseae, vomiting, indigestion, loss_of_appetite, abdominal_pain
879,Peptic ulcer diseae, vomiting, indigestion, loss_of_appetite, abdominal_pain
880,Peptic ulcer diseae, vomiting, indigestion, loss_of_appetite, abdominal_pain
881,AIDS, muscle_wasting, patches_in_throat, high_fever, extra_marital_contacts
882,AIDS, patches_in_throat, high_fever, extra_marital_contacts,0
883,AIDS, muscle_wasting, high_fever, extra_marital_contacts,0
884,AIDS, muscle_wasting, patches_in_throat, extra_marital_contacts,0
885,AIDS, muscle_wasting, patches_in_throat, high_fever,0
886,AIDS, muscle_wasting, patches_in_throat, high_fever, extra_marital_contacts
887,AIDS, muscle_wasting, patches_in_throat, high_fever, extra_marital_contacts
888,AIDS, patches_in_throat, high_fever, extra_marital_contacts,0
889,AIDS, muscle_wasting, high_fever, extra_marital_contacts,0
890,AIDS, muscle_wasting, patches_in_throat, high_fever,0
891,Diabetes , fatigue, weight_loss, restlessness, lethargy
892,Diabetes , fatigue, weight_loss, restlessness, lethargy
893,Diabetes , weight_loss, restlessness, lethargy, irregular_sugar_level
894,Diabetes , fatigue, restlessness, lethargy, irregular_sugar_level
895,Diabetes , fatigue, weight_loss, lethargy, irregular_sugar_level
896,Diabetes , fatigue, weight_loss, restlessness, irregular_sugar_level
897,Diabetes , fatigue, weight_loss, restlessness, lethargy
898,Diabetes , fatigue, weight_loss, restlessness, lethargy
899,Diabetes , fatigue, weight_loss, restlessness, lethargy
900,Diabetes , fatigue, weight_loss, restlessness, lethargy
901,Gastroenteritis, vomiting, sunken_eyes, dehydration, diarrhoea
902,Gastroenteritis, vomiting, sunken_eyes, dehydration, diarrhoea
903,Gastroenteritis, sunken_eyes, dehydration, diarrhoea,0
904,Gastroenteritis, vomiting, dehydration, diarrhoea,0
905,Gastroenteritis, vomiting, sunken_eyes, diarrhoea,0
906,Gastroenteritis, vomiting, sunken_eyes, dehydration,0
907,Gastroenteritis, vomiting, sunken_eyes, dehydration, diarrhoea
908,Gastroenteritis, sunken_eyes, dehydration, diarrhoea,0
909,Gastroenteritis, vomiting, dehydration, diarrhoea,0
910,Gastroenteritis, vomiting, sunken_eyes, diarrhoea,0
911,Bronchial Asthma, fatigue, cough, high_fever, breathlessness
912,Bronchial Asthma, cough, high_fever, breathlessness, family_history
913,Bronchial Asthma, fatigue, high_fever, breathlessness, family_history
914,Bronchial Asthma, fatigue, cough, breathlessness, family_history
915,Bronchial Asthma, fatigue, cough, high_fever, family_history
916,Bronchial Asthma, fatigue, cough, high_fever, breathlessness
917,Bronchial Asthma, fatigue, cough, high_fever, breathlessness
918,Bronchial Asthma, fatigue, cough, high_fever, breathlessness
919,Bronchial Asthma, cough, high_fever, breathlessness, family_history
920,Bronchial Asthma, fatigue, high_fever, breathlessness, family_history
921,Hypertension , headache, chest_pain, dizziness, loss_of_balance
922,Hypertension , chest_pain, dizziness, loss_of_balance, lack_of_concentration
923,Hypertension , headache, dizziness, loss_of_balance, lack_of_concentration
924,Hypertension , headache, chest_pain, loss_of_balance, lack_of_concentration
925,Hypertension , headache, chest_pain, dizziness, lack_of_concentration
926,Hypertension , headache, chest_pain, dizziness, loss_of_balance
927,Hypertension , headache, chest_pain, dizziness, loss_of_balance
928,Hypertension , chest_pain, dizziness, loss_of_balance, lack_of_concentration
929,Hypertension , headache, dizziness, loss_of_balance, lack_of_concentration
930,Hypertension , headache, chest_pain, loss_of_balance, lack_of_concentration
931,Migraine, acidity, indigestion, headache, blurred_and_distorted_vision
932,Migraine, indigestion, headache, blurred_and_distorted_vision, excessive_hunger
933,Migraine, acidity, headache, blurred_and_distorted_vision, excessive_hunger
934,Migraine, acidity, indigestion, blurred_and_distorted_vision, excessive_hunger
935,Migraine, acidity, indigestion, headache, excessive_hunger
936,Migraine, acidity, indigestion, headache, blurred_and_distorted_vision
937,Migraine, acidity, indigestion, headache, blurred_and_distorted_vision
938,Migraine, acidity, indigestion, headache, blurred_and_distorted_vision
939,Migraine, acidity, indigestion, headache, blurred_and_distorted_vision
940,Migraine, acidity, indigestion, headache, blurred_and_distorted_vision
941,Cervical spondylosis, back_pain, weakness_in_limbs, neck_pain, dizziness
942,Cervical spondylosis, back_pain, weakness_in_limbs, neck_pain, dizziness
943,Cervical spondylosis, weakness_in_limbs, neck_pain, dizziness, loss_of_balance
944,Cervical spondylosis, back_pain, neck_pain, dizziness, loss_of_balance
945,Cervical spondylosis, back_pain, weakness_in_limbs, dizziness, loss_of_balance
946,Cervical spondylosis, back_pain, weakness_in_limbs, neck_pain, loss_of_balance
947,Cervical spondylosis, back_pain, weakness_in_limbs, neck_pain, dizziness
948,Cervical spondylosis, back_pain, weakness_in_limbs, neck_pain, dizziness
949,Cervical spondylosis, weakness_in_limbs, neck_pain, dizziness, loss_of_balance
950,Cervical spondylosis, back_pain, neck_pain, dizziness, loss_of_balance
951,Paralysis (brain hemorrhage), vomiting, headache, weakness_of_one_body_side, altered_sensorium
952,Paralysis (brain hemorrhage), vomiting, headache, weakness_of_one_body_side, altered_sensorium
953,Paralysis (brain hemorrhage), headache, weakness_of_one_body_side, altered_sensorium,0
954,Paralysis (brain hemorrhage), vomiting, weakness_of_one_body_side, altered_sensorium,0
955,Paralysis (brain hemorrhage), vomiting, headache, altered_sensorium,0
956,Paralysis (brain hemorrhage), vomiting, headache, weakness_of_one_body_side,0
957,Paralysis (brain hemorrhage), vomiting, headache, weakness_of_one_body_side, altered_sensorium
958,Paralysis (brain hemorrhage), headache, weakness_of_one_body_side, altered_sensorium,0
959,Paralysis (brain hemorrhage), vomiting, weakness_of_one_body_side, altered_sensorium,0
960,Paralysis (brain hemorrhage), vomiting, headache, altered_sensorium,0
961,Jaundice,itching, vomiting, fatigue, weight_loss
962,Jaundice,itching, vomiting, fatigue, weight_loss
963,Jaundice, vomiting, fatigue, weight_loss, high_fever
964,Jaundice,itching, fatigue, weight_loss, high_fever
965,Jaundice,itching, vomiting, weight_loss, high_fever
966,Jaundice,itching, vomiting, fatigue, high_fever
967,Jaundice,itching, vomiting, fatigue, weight_loss
968,Jaundice,itching, vomiting, fatigue, weight_loss
969,Jaundice,itching, vomiting, fatigue, weight_loss
970,Jaundice,itching, vomiting, fatigue, weight_loss
971,Malaria, chills, vomiting, high_fever, sweating
972,Malaria, chills, vomiting, high_fever, sweating
973,Malaria, chills, vomiting, high_fever, sweating
974,Malaria, vomiting, high_fever, sweating, headache
975,Malaria, chills, high_fever, sweating, headache
976,Malaria, chills, vomiting, sweating, headache
977,Malaria, chills, vomiting, high_fever, headache
978,Malaria, chills, vomiting, high_fever, sweating
979,Malaria, chills, vomiting, high_fever, sweating
980,Malaria, chills, vomiting, high_fever, sweating
981,Chicken pox,itching, skin_rash, fatigue, lethargy
982,Chicken pox, skin_rash, fatigue, lethargy, high_fever
983,Chicken pox,itching, fatigue, lethargy, high_fever
984,Chicken pox,itching, skin_rash, lethargy, high_fever
985,Chicken pox,itching, skin_rash, fatigue, high_fever
986,Chicken pox,itching, skin_rash, fatigue, lethargy
987,Chicken pox,itching, skin_rash, fatigue, lethargy
988,Chicken pox,itching, skin_rash, fatigue, lethargy
989,Chicken pox,itching, skin_rash, fatigue, lethargy
990,Chicken pox,itching, skin_rash, fatigue, lethargy
991,Dengue, skin_rash, chills, joint_pain, vomiting
992,Dengue, skin_rash, chills, joint_pain, vomiting
993,Dengue, skin_rash, chills, joint_pain, vomiting
994,Dengue, skin_rash, chills, joint_pain, vomiting
995,Dengue, chills, joint_pain, vomiting, fatigue
996,Dengue, skin_rash, joint_pain, vomiting, fatigue
997,Dengue, skin_rash, chills, vomiting, fatigue
998,Dengue, skin_rash, chills, joint_pain, fatigue
999,Dengue, skin_rash, chills, joint_pain, vomiting
1000,Dengue, skin_rash, chills, joint_pain, vomiting
1001,Typhoid, chills, vomiting, fatigue, high_fever
1002,Typhoid, chills, vomiting, fatigue, high_fever
1003,Typhoid, chills, vomiting, fatigue, high_fever
1004,Typhoid, chills, vomiting, fatigue, high_fever
1005,Typhoid, chills, vomiting, fatigue, high_fever
1006,Typhoid, chills, vomiting, fatigue, high_fever
1007,Typhoid, chills, vomiting, fatigue, high_fever
1008,Typhoid, chills, vomiting, fatigue, high_fever
1009,Typhoid, chills, vomiting, fatigue, high_fever
1010,Typhoid, chills, fatigue, high_fever, headache
1011,hepatitis A, joint_pain, vomiting, yellowish_skin, dark_urine
1012,hepatitis A, joint_pain, vomiting, yellowish_skin, dark_urine
1013,hepatitis A, vomiting, yellowish_skin, dark_urine, nausea
1014,hepatitis A, joint_pain, yellowish_skin, dark_urine, nausea
1015,hepatitis A, joint_pain, vomiting, dark_urine, nausea
1016,hepatitis A, joint_pain, vomiting, yellowish_skin, nausea
1017,hepatitis A, joint_pain, vomiting, yellowish_skin, dark_urine
1018,hepatitis A, joint_pain, vomiting, yellowish_skin, dark_urine
1019,hepatitis A, joint_pain, vomiting, yellowish_skin, dark_urine
1020,hepatitis A, joint_pain, vomiting, yellowish_skin, dark_urine
1021,Hepatitis B,itching, fatigue, lethargy, yellowish_skin
1022,Hepatitis B,itching, fatigue, lethargy, yellowish_skin
1023,Hepatitis B, fatigue, lethargy, yellowish_skin, dark_urine
1024,Hepatitis B,itching, lethargy, yellowish_skin, dark_urine
1025,Hepatitis B,itching, fatigue, yellowish_skin, dark_urine
1026,Hepatitis B,itching, fatigue, lethargy, dark_urine
1027,Hepatitis B,itching, fatigue, lethargy, yellowish_skin
1028,Hepatitis B,itching, fatigue, lethargy, yellowish_skin
1029,Hepatitis B,itching, fatigue, lethargy, yellowish_skin
1030,Hepatitis B,itching, fatigue, lethargy, yellowish_skin
1031,Hepatitis C, fatigue, yellowish_skin, nausea, loss_of_appetite
1032,Hepatitis C, fatigue, yellowish_skin, nausea, loss_of_appetite
1033,Hepatitis C, yellowish_skin, nausea, loss_of_appetite, yellowing_of_eyes
1034,Hepatitis C, fatigue, nausea, loss_of_appetite, yellowing_of_eyes
1035,Hepatitis C, fatigue, yellowish_skin, loss_of_appetite, yellowing_of_eyes
1036,Hepatitis C, fatigue, yellowish_skin, nausea, yellowing_of_eyes
1037,Hepatitis C, fatigue, yellowish_skin, nausea, loss_of_appetite
1038,Hepatitis C, fatigue, yellowish_skin, nausea, loss_of_appetite
1039,Hepatitis C, fatigue, yellowish_skin, nausea, loss_of_appetite
1040,Hepatitis C, fatigue, yellowish_skin, nausea, loss_of_appetite
1041,Hepatitis D, joint_pain, vomiting, fatigue, yellowish_skin
1042,Hepatitis D, vomiting, fatigue, yellowish_skin, dark_urine
1043,Hepatitis D, joint_pain, fatigue, yellowish_skin, dark_urine
1044,Hepatitis D, joint_pain, vomiting, yellowish_skin, dark_urine
1045,Hepatitis D, joint_pain, vomiting, fatigue, dark_urine
1046,Hepatitis D, joint_pain, vomiting, fatigue, yellowish_skin
1047,Hepatitis D, joint_pain, vomiting, fatigue, yellowish_skin
1048,Hepatitis D, joint_pain, vomiting, fatigue, yellowish_skin
1049,Hepatitis D, joint_pain, vomiting, fatigue, yellowish_skin
1050,Hepatitis D, joint_pain, vomiting, fatigue, yellowish_skin
1051,Hepatitis E, joint_pain, vomiting, fatigue, high_fever
1052,Hepatitis E, joint_pain, vomiting, fatigue, high_fever
1053,Hepatitis E, joint_pain, vomiting, fatigue, high_fever
1054,Hepatitis E, vomiting, fatigue, high_fever, yellowish_skin
1055,Hepatitis E, joint_pain, fatigue, high_fever, yellowish_skin
1056,Hepatitis E, joint_pain, vomiting, high_fever, yellowish_skin
1057,Hepatitis E, joint_pain, vomiting, fatigue, yellowish_skin
1058,Hepatitis E, joint_pain, vomiting, fatigue, high_fever
1059,Hepatitis E, joint_pain, vomiting, fatigue, high_fever
1060,Hepatitis E, joint_pain, vomiting, fatigue, high_fever
1061,Alcoholic hepatitis, vomiting, yellowish_skin, abdominal_pain, swelling_of_stomach
1062,Alcoholic hepatitis, vomiting, yellowish_skin, abdominal_pain, swelling_of_stomach
1063,Alcoholic hepatitis, yellowish_skin, abdominal_pain, swelling_of_stomach, distention_of_abdomen
1064,Alcoholic hepatitis, vomiting, abdominal_pain, swelling_of_stomach, distention_of_abdomen
1065,Alcoholic hepatitis, vomiting, yellowish_skin, swelling_of_stomach, distention_of_abdomen
1066,Alcoholic hepatitis, vomiting, yellowish_skin, abdominal_pain, distention_of_abdomen
1067,Alcoholic hepatitis, vomiting, yellowish_skin, abdominal_pain, swelling_of_stomach
1068,Alcoholic hepatitis, vomiting, yellowish_skin, abdominal_pain, swelling_of_stomach
1069,Alcoholic hepatitis, vomiting, yellowish_skin, abdominal_pain, swelling_of_stomach
1070,Alcoholic hepatitis, vomiting, yellowish_skin, abdominal_pain, swelling_of_stomach
1071,Tuberculosis, chills, vomiting, fatigue, weight_loss
1072,Tuberculosis, chills, vomiting, fatigue, weight_loss
1073,Tuberculosis, vomiting, fatigue, weight_loss, cough
1074,Tuberculosis, chills, fatigue, weight_loss, cough
1075,Tuberculosis, chills, vomiting, weight_loss, cough
1076,Tuberculosis, chills, vomiting, fatigue, cough
1077,Tuberculosis, chills, vomiting, fatigue, weight_loss
1078,Tuberculosis, chills, vomiting, fatigue, weight_loss
1079,Tuberculosis, chills, vomiting, fatigue, weight_loss
1080,Tuberculosis, chills, vomiting, fatigue, weight_loss
1081,Common Cold, continuous_sneezing, chills, fatigue, cough
1082,Common Cold, continuous_sneezing, chills, fatigue, cough
1083,Common Cold, chills, fatigue, cough, high_fever
1084,Common Cold, continuous_sneezing, fatigue, cough, high_fever
1085,Common Cold, continuous_sneezing, chills, cough, high_fever
1086,Common Cold, continuous_sneezing, chills, fatigue, high_fever
1087,Common Cold, continuous_sneezing, chills, fatigue, cough
1088,Common Cold, continuous_sneezing, chills, fatigue, cough
1089,Common Cold, continuous_sneezing, chills, fatigue, cough
1090,Common Cold, continuous_sneezing, chills, fatigue, cough
1091,Pneumonia, chills, fatigue, cough, high_fever
1092,Pneumonia, chills, fatigue, cough, high_fever
1093,Pneumonia, chills, fatigue, cough, high_fever
1094,Pneumonia, fatigue, cough, high_fever, breathlessness
1095,Pneumonia, chills, cough, high_fever, breathlessness
1096,Pneumonia, chills, fatigue, high_fever, breathlessness
1097,Pneumonia, chills, fatigue, cough, breathlessness
1098,Pneumonia, chills, fatigue, cough, high_fever
1099,Pneumonia, chills, fatigue, cough, high_fever
1100,Pneumonia, chills, fatigue, cough, high_fever
1101,Dimorphic hemmorhoids(piles), constipation, pain_during_bowel_movements, pain_in_anal_region, bloody_stool
1102,Dimorphic hemmorhoids(piles), constipation, pain_during_bowel_movements, pain_in_anal_region, bloody_stool
1103,Dimorphic hemmorhoids(piles), constipation, pain_during_bowel_movements, pain_in_anal_region, bloody_stool
1104,Dimorphic hemmorhoids(piles), pain_during_bowel_movements, pain_in_anal_region, bloody_stool, irritation_in_anus
1105,Dimorphic hemmorhoids(piles), constipation, pain_in_anal_region, bloody_stool, irritation_in_anus
1106,Dimorphic hemmorhoids(piles), constipation, pain_during_bowel_movements, bloody_stool, irritation_in_anus
1107,Dimorphic hemmorhoids(piles), constipation, pain_during_bowel_movements, pain_in_anal_region, irritation_in_anus
1108,Dimorphic hemmorhoids(piles), constipation, pain_during_bowel_movements, pain_in_anal_region, bloody_stool
1109,Dimorphic hemmorhoids(piles), constipation, pain_during_bowel_movements, pain_in_anal_region, bloody_stool
1110,Dimorphic hemmorhoids(piles), constipation, pain_during_bowel_movements, pain_in_anal_region, bloody_stool
1111,Heart attack, vomiting, breathlessness, sweating, chest_pain
1112,Heart attack, vomiting, breathlessness, sweating, chest_pain
1113,Heart attack, breathlessness, sweating, chest_pain,0
1114,Heart attack, vomiting, sweating, chest_pain,0
1115,Heart attack, vomiting, breathlessness, chest_pain,0
1116,Heart attack, vomiting, breathlessness, sweating,0
1117,Heart attack, vomiting, breathlessness, sweating, chest_pain
1118,Heart attack, breathlessness, sweating, chest_pain,0
1119,Heart attack, vomiting, sweating, chest_pain,0
1120,Heart attack, vomiting, breathlessness, chest_pain,0
1121,Varicose veins, fatigue, cramps, bruising, obesity
1122,Varicose veins, fatigue, cramps, bruising, obesity
1123,Varicose veins, cramps, bruising, obesity, swollen_legs
1124,Varicose veins, fatigue, bruising, obesity, swollen_legs
1125,Varicose veins, fatigue, cramps, obesity, swollen_legs
1126,Varicose veins, fatigue, cramps, bruising, swollen_legs
1127,Varicose veins, fatigue, cramps, bruising, obesity
1128,Varicose veins, fatigue, cramps, bruising, obesity
1129,Varicose veins, fatigue, cramps, bruising, obesity
1130,Varicose veins, fatigue, cramps, bruising, obesity
1131,Hypothyroidism, fatigue, weight_gain, cold_hands_and_feets, mood_swings
1132,Hypothyroidism, fatigue, weight_gain, cold_hands_and_feets, mood_swings
1133,Hypothyroidism, weight_gain, cold_hands_and_feets, mood_swings, lethargy
1134,Hypothyroidism, weight_gain, cold_hands_and_feets, mood_swings, lethargy
1135,Hypothyroidism, fatigue, cold_hands_and_feets, mood_swings, lethargy
1136,Hypothyroidism, fatigue, weight_gain, mood_swings, lethargy
1137,Hypothyroidism, fatigue, weight_gain, cold_hands_and_feets, lethargy
1138,Hypothyroidism, fatigue, weight_gain, cold_hands_and_feets, mood_swings
1139,Hypothyroidism, fatigue, weight_gain, cold_hands_and_feets, mood_swings
1140,Hypothyroidism, fatigue, weight_gain, cold_hands_and_feets, mood_swings
1141,Hyperthyroidism, fatigue, mood_swings, weight_loss, restlessness
1142,Hyperthyroidism, fatigue, mood_swings, weight_loss, restlessness
1143,Hyperthyroidism, mood_swings, weight_loss, restlessness, sweating
1144,Hyperthyroidism, fatigue, weight_loss, restlessness, sweating
1145,Hyperthyroidism, fatigue, mood_swings, restlessness, sweating
1146,Hyperthyroidism, fatigue, mood_swings, weight_loss, sweating
1147,Hyperthyroidism, fatigue, mood_swings, weight_loss, restlessness
1148,Hyperthyroidism, fatigue, mood_swings, weight_loss, restlessness
1149,Hyperthyroidism, fatigue, mood_swings, weight_loss, restlessness
1150,Hyperthyroidism, fatigue, mood_swings, weight_loss, restlessness
1151,Hypoglycemia, vomiting, fatigue, anxiety, sweating
1152,Hypoglycemia, vomiting, fatigue, anxiety, sweating
1153,Hypoglycemia, vomiting, fatigue, anxiety, sweating
1154,Hypoglycemia, fatigue, anxiety, sweating, headache
1155,Hypoglycemia, vomiting, anxiety, sweating, headache
1156,Hypoglycemia, vomiting, fatigue, sweating, headache
1157,Hypoglycemia, vomiting, fatigue, anxiety, headache
1158,Hypoglycemia, vomiting, fatigue, anxiety, sweating
1159,Hypoglycemia, vomiting, fatigue, anxiety, sweating
1160,Hypoglycemia, vomiting, fatigue, anxiety, sweating
1161,Osteoarthristis, joint_pain, neck_pain, knee_pain, hip_joint_pain
1162,Osteoarthristis, joint_pain, neck_pain, knee_pain, hip_joint_pain
1163,Osteoarthristis, neck_pain, knee_pain, hip_joint_pain, swelling_joints
1164,Osteoarthristis, joint_pain, knee_pain, hip_joint_pain, swelling_joints
1165,Osteoarthristis, joint_pain, neck_pain, hip_joint_pain, swelling_joints
1166,Osteoarthristis, joint_pain, neck_pain, knee_pain, swelling_joints
1167,Osteoarthristis, joint_pain, neck_pain, knee_pain, hip_joint_pain
1168,Osteoarthristis, joint_pain, neck_pain, knee_pain, hip_joint_pain
1169,Osteoarthristis, joint_pain, neck_pain, knee_pain, hip_joint_pain
1170,Osteoarthristis, joint_pain, neck_pain, knee_pain, hip_joint_pain
1171,Arthritis, muscle_weakness, stiff_neck, swelling_joints, movement_stiffness
1172,Arthritis, muscle_weakness, stiff_neck, swelling_joints, movement_stiffness
1173,Arthritis, stiff_neck, swelling_joints, movement_stiffness, painful_walking
1174,Arthritis, muscle_weakness, swelling_joints, movement_stiffness, painful_walking
1175,Arthritis, muscle_weakness, stiff_neck, movement_stiffness, painful_walking
1176,Arthritis, muscle_weakness, stiff_neck, swelling_joints, painful_walking
1177,Arthritis, muscle_weakness, stiff_neck, swelling_joints, movement_stiffness
1178,Arthritis, muscle_weakness, stiff_neck, swelling_joints, movement_stiffness
1179,Arthritis, muscle_weakness, stiff_neck, swelling_joints, movement_stiffness
1180,Arthritis, muscle_weakness, stiff_neck, swelling_joints, movement_stiffness
1181,(vertigo) Paroymsal  Positional Vertigo, vomiting, headache, nausea, spinning_movements
1182,(vertigo) Paroymsal  Positional Vertigo, vomiting, headache, nausea, spinning_movements
1183,(vertigo) Paroymsal  Positional Vertigo, headache, nausea, spinning_movements, loss_of_balance
1184,(vertigo) Paroymsal  Positional Vertigo, vomiting, nausea, spinning_movements, loss_of_balance
1185,(vertigo) Paroymsal  Positional Vertigo, vomiting, headache, spinning_movements, loss_of_balance
1186,(vertigo) Paroymsal  Positional Vertigo, vomiting, headache, nausea, loss_of_balance
1187,(vertigo) Paroymsal  Positional Vertigo, vomiting, headache, nausea, spinning_movements
1188,(vertigo) Paroymsal  Positional Vertigo, vomiting, headache, nausea, spinning_movements
1189,(vertigo) Paroymsal  Positional Vertigo, vomiting, headache, nausea, spinning_movements
1190,(vertigo) Paroymsal  Positional Vertigo, vomiting, headache, nausea, loss_of_balance
1191,Acne, skin_rash, pus_filled_pimples, blackheads, scurring
1192,Acne, skin_rash, pus_filled_pimples, blackheads, scurring
1193,Acne, pus_filled_pimples, blackheads, scurring,0
1194,Acne, skin_rash, blackheads, scurring,0
1195,Acne, skin_rash, pus_filled_pimples, scurring,0
1196,Acne, skin_rash, pus_filled_pimples, blackheads,0
1197,Acne, skin_rash, pus_filled_pimples, blackheads, scurring
1198,Acne, skin_rash, pus_filled_pimples, blackheads,0
1199,Acne, skin_rash, pus_filled_pimples, scurring,0
1200,Acne, skin_rash, blackheads, scurring,0
1201,Urinary tract infection, burning_micturition, bladder_discomfort, foul_smell_of urine, continuous_feel_of_urine
1202,Urinary tract infection, burning_micturition, bladder_discomfort, foul_smell_of urine, continuous_feel_of_urine
1203,Urinary tract infection, bladder_discomfort, foul_smell_of urine, continuous_feel_of_urine,0
1204,Urinary tract infection, burning_micturition, foul_smell_of urine, continuous_feel_of_urine,0
1205,Urinary tract infection, burning_micturition, bladder_discomfort, continuous_feel_of_urine,0
1206,Urinary tract infection, burning_micturition, bladder_discomfort, foul_smell_of urine,0
1207,Urinary tract infection, burning_micturition, bladder_discomfort, foul_smell_of urine, continuous_feel_of_urine
1208,Urinary tract infection, burning_micturition, bladder_discomfort, continuous_feel_of_urine,0
1209,Urinary tract infection, bladder_discomfort, foul_smell_of urine, continuous_feel_of_urine,0
1210,Urinary tract infection, burning_micturition, bladder_discomfort, continuous_feel_of_urine,0
1211,Psoriasis, skin_rash, joint_pain, skin_peeling, silver_like_dusting
1212,Psoriasis, skin_rash, joint_pain, skin_peeling, silver_like_dusting
1213,Psoriasis, joint_pain, skin_peeling, silver_like_dusting, small_dents_in_nails
1214,Psoriasis, skin_rash, skin_peeling, silver_like_dusting, small_dents_in_nails
1215,Psoriasis, skin_rash, joint_pain, silver_like_dusting, small_dents_in_nails
1216,Psoriasis, skin_rash, joint_pain, skin_peeling, small_dents_in_nails
1217,Psoriasis, skin_rash, joint_pain, skin_peeling, silver_like_dusting
1218,Psoriasis, skin_rash, joint_pain, skin_peeling, silver_like_dusting
1219,Psoriasis, skin_rash, joint_pain, skin_peeling, silver_like_dusting
1220,Psoriasis, skin_rash, joint_pain, skin_peeling, silver_like_dusting
1221,Impetigo, skin_rash, high_fever, blister, red_sore_around_nose
1222,Impetigo, skin_rash, high_fever, blister, red_sore_around_nose
1223,Impetigo, high_fever, blister, red_sore_around_nose, yellow_crust_ooze
1224,Impetigo, skin_rash, blister, red_sore_around_nose, yellow_crust_ooze
1225,Impetigo, skin_rash, blister, red_sore_around_nose, yellow_crust_ooze
1226,Impetigo, skin_rash, high_fever, red_sore_around_nose, yellow_crust_ooze
1227,Impetigo, skin_rash, high_fever, blister, yellow_crust_ooze
1228,Impetigo, skin_rash, high_fever, blister, red_sore_around_nose
1229,Impetigo, skin_rash, high_fever, blister, red_sore_around_nose
1230,Impetigo, skin_rash, blister, red_sore_around_nose, yellow_crust_ooze
1231,Fungal infection,itching, skin_rash, nodal_skin_eruptions, dischromic _patches
1232,Fungal infection, skin_rash, nodal_skin_eruptions, dischromic _patches,0
1233,Fungal infection,itching, nodal_skin_eruptions, dischromic _patches,0
1234,Fungal infection,itching, skin_rash, dischromic _patches,0
1235,Fungal infection,itching, skin_rash, nodal_skin_eruptions,0
1236,Fungal infection, skin_rash, nodal_skin_eruptions, dischromic _patches,0
1237,Fungal infection,itching, nodal_skin_eruptions, dischromic _patches,0
1238,Fungal infection,itching, skin_rash, dischromic _patches,0
1239,Fungal infection,itching, skin_rash, nodal_skin_eruptions,0
1240,Fungal infection,itching, skin_rash, nodal_skin_eruptions, dischromic _patches
1241,Allergy, continuous_sneezing, shivering, chills, watering_from_eyes
1242,Allergy, shivering, chills, watering_from_eyes,0
1243,Allergy, continuous_sneezing, chills, watering_from_eyes,0
1244,Allergy, continuous_sneezing, shivering, watering_from_eyes,0
1245,Allergy, continuous_sneezing, shivering, chills,0
1246,Allergy, shivering, chills, watering_from_eyes,0
1247,Allergy, continuous_sneezing, chills, watering_from_eyes,0
1248,Allergy, continuous_sneezing, shivering, watering_from_eyes,0
1249,Allergy, continuous_sneezing, shivering, chills,0
1250,Allergy, continuous_sneezing, shivering, chills, watering_from_eyes
1251,GERD, stomach_pain, acidity, ulcers_on_tongue, vomiting
1252,GERD, stomach_pain, ulcers_on_tongue, vomiting, cough
1253,GERD, stomach_pain, acidity, vomiting, cough
1254,GERD, stomach_pain, acidity, ulcers_on_tongue, cough
1255,GERD, stomach_pain, acidity, ulcers_on_tongue, vomiting
1256,GERD, stomach_pain, acidity, ulcers_on_tongue, vomiting
1257,GERD, acidity, ulcers_on_tongue, vomiting, cough
1258,GERD, stomach_pain, ulcers_on_tongue, vomiting, cough
1259,GERD, stomach_pain, acidity, vomiting, cough
1260,GERD, stomach_pain, acidity, ulcers_on_tongue, cough
1261,Chronic cholestasis,itching, vomiting, yellowish_skin, nausea
1262,Chronic cholestasis, vomiting, yellowish_skin, nausea, loss_of_appetite
1263,Chronic cholestasis,itching, yellowish_skin, nausea, loss_of_appetite
1264,Chronic cholestasis,itching, vomiting, nausea, loss_of_appetite
1265,Chronic cholestasis,itching, vomiting, yellowish_skin, loss_of_appetite
1266,Chronic cholestasis,itching, vomiting, yellowish_skin, nausea
1267,Chronic cholestasis,itching, vomiting, yellowish_skin, nausea
1268,Chronic cholestasis,itching, vomiting, yellowish_skin, nausea
1269,Chronic cholestasis,itching, vomiting, yellowish_skin, nausea
1270,Chronic cholestasis,itching, vomiting, yellowish_skin, nausea
1271,Drug Reaction,itching, skin_rash, stomach_pain, burning_micturition
1272,Drug Reaction,itching, stomach_pain, burning_micturition, spotting_ urination
1273,Drug Reaction,itching, skin_rash, burning_micturition, spotting_ urination
1274,Drug Reaction,itching, skin_rash, stomach_pain, spotting_ urination
1275,Drug Reaction,itching, skin_rash, stomach_pain, burning_micturition
1276,Drug Reaction, skin_rash, stomach_pain, burning_micturition, spotting_ urination
1277,Drug Reaction,itching, stomach_pain, burning_micturition, spotting_ urination
1278,Drug Reaction,itching, skin_rash, burning_micturition, spotting_ urination
1279,Drug Reaction,itching, skin_rash, stomach_pain, spotting_ urination
1280,Drug Reaction,itching, skin_rash, stomach_pain, burning_micturition
1281,Peptic ulcer diseae, vomiting, loss_of_appetite, abdominal_pain, passage_of_gases
1282,Peptic ulcer diseae, vomiting, indigestion, abdominal_pain, passage_of_gases
1283,Peptic ulcer diseae, indigestion, loss_of_appetite, abdominal_pain, passage_of_gases
1284,Peptic ulcer diseae, vomiting, loss_of_appetite, abdominal_pain, passage_of_gases
1285,Peptic ulcer diseae, vomiting, indigestion, abdominal_pain, passage_of_gases
1286,Peptic ulcer diseae, vomiting, indigestion, loss_of_appetite, passage_of_gases
1287,Peptic ulcer diseae, vomiting, indigestion, loss_of_appetite, abdominal_pain
1288,Peptic ulcer diseae, vomiting, indigestion, loss_of_appetite, abdominal_pain
1289,Peptic ulcer diseae, vomiting, indigestion, loss_of_appetite, abdominal_pain
1290,Peptic ulcer diseae, vomiting, indigestion, loss_of_appetite, abdominal_pain
1291,AIDS, muscle_wasting, patches_in_throat, high_fever, extra_marital_contacts
1292,AIDS, patches_in_throat, high_fever, extra_marital_contacts,0
1293,AIDS, muscle_wasting, high_fever, extra_marital_contacts,0
1294,AIDS, muscle_wasting, patches_in_throat, extra_marital_contacts,0
1295,AIDS, muscle_wasting, patches_in_throat, high_fever,0
1296,AIDS, muscle_wasting, patches_in_throat, high_fever, extra_marital_contacts
1297,AIDS, muscle_wasting, patches_in_throat, high_fever, extra_marital_contacts
1298,AIDS, patches_in_throat, high_fever, extra_marital_contacts,0
1299,AIDS, muscle_wasting, high_fever, extra_marital_contacts,0
1300,AIDS, muscle_wasting, patches_in_throat, high_fever,0
1301,Diabetes , fatigue, weight_loss, restlessness, lethargy
1302,Diabetes , fatigue, weight_loss, restlessness, lethargy
1303,Diabetes , weight_loss, restlessness, lethargy, irregular_sugar_level
1304,Diabetes , fatigue, restlessness, lethargy, irregular_sugar_level
1305,Diabetes , fatigue, weight_loss, lethargy, irregular_sugar_level
1306,Diabetes , fatigue, weight_loss, restlessness, irregular_sugar_level
1307,Diabetes , fatigue, weight_loss, restlessness, lethargy
1308,Diabetes , fatigue, weight_loss, restlessness, lethargy
1309,Diabetes , fatigue, weight_loss, restlessness, lethargy
1310,Diabetes , fatigue, weight_loss, restlessness, lethargy
1311,Gastroenteritis, vomiting, sunken_eyes, dehydration, diarrhoea
1312,Gastroenteritis, vomiting, sunken_eyes, dehydration, diarrhoea
1313,Gastroenteritis, sunken_eyes, dehydration, diarrhoea,0
1314,Gastroenteritis, vomiting, dehydration, diarrhoea,0
1315,Gastroenteritis, vomiting, sunken_eyes, diarrhoea,0
1316,Gastroenteritis, vomiting, sunken_eyes, dehydration,0
1317,Gastroenteritis, vomiting, sunken_eyes, dehydration, diarrhoea
1318,Gastroenteritis, sunken_eyes, dehydration, diarrhoea,0
1319,Gastroenteritis, vomiting, dehydration, diarrhoea,0
1320,Gastroenteritis, vomiting, sunken_eyes, diarrhoea,0
1321,Bronchial Asthma, fatigue, cough, high_fever, breathlessness
1322,Bronchial Asthma, cough, high_fever, breathlessness, family_history
1323,Bronchial Asthma, fatigue, high_fever, breathlessness, family_history
1324,Bronchial Asthma, fatigue, cough, breathlessness, family_history
1325,Bronchial Asthma, fatigue, cough, high_fever, family_history
1326,Bronchial Asthma, fatigue, cough, high_fever, breathlessness
1327,Bronchial Asthma, fatigue, cough, high_fever, breathlessness
1328,Bronchial Asthma, fatigue, cough, high_fever, breathlessness
1329,Bronchial Asthma, cough, high_fever, breathlessness, family_history
1330,Bronchial Asthma, fatigue, high_fever, breathlessness, family_history
1331,Hypertension , headache, chest_pain, dizziness, loss_of_balance
1332,Hypertension , chest_pain, dizziness, loss_of_balance, lack_of_concentration
1333,Hypertension , headache, dizziness, loss_of_balance, lack_of_concentration
1334,Hypertension , headache, chest_pain, loss_of_balance, lack_of_concentration
1335,Hypertension , headache, chest_pain, dizziness, lack_of_concentration
1336,Hypertension , headache, chest_pain, dizziness, loss_of_balance
1337,Hypertension , headache, chest_pain, dizziness, loss_of_balance
1338,Hypertension , chest_pain, dizziness, loss_of_balance, lack_of_concentration
1339,Hypertension , headache, dizziness, loss_of_balance, lack_of_concentration
1340,Hypertension , headache, chest_pain, loss_of_balance, lack_of_concentration
1341,Migraine, acidity, indigestion, headache, blurred_and_distorted_vision
1342,Migraine, indigestion, headache, blurred_and_distorted_vision, excessive_hunger
1343,Migraine, acidity, headache, blurred_and_distorted_vision, excessive_hunger
1344,Migraine, acidity, indigestion, blurred_and_distorted_vision, excessive_hunger
1345,Migraine, acidity, indigestion, headache, excessive_hunger
1346,Migraine, acidity, indigestion, headache, blurred_and_distorted_vision
1347,Migraine, acidity, indigestion, headache, blurred_and_distorted_vision
1348,Migraine, acidity, indigestion, headache, blurred_and_distorted_vision
1349,Migraine, acidity, indigestion, headache, blurred_and_distorted_vision
1350,Migraine, acidity, indigestion, headache, blurred_and_distorted_vision
1351,Cervical spondylosis, back_pain, weakness_in_limbs, neck_pain, dizziness
1352,Cervical spondylosis, back_pain, weakness_in_limbs, neck_pain, dizziness
1353,Cervical spondylosis, weakness_in_limbs, neck_pain, dizziness, loss_of_balance
1354,Cervical spondylosis, back_pain, neck_pain, dizziness, loss_of_balance
1355,Cervical spondylosis, back_pain, weakness_in_limbs, dizziness, loss_of_balance
1356,Cervical spondylosis, back_pain, weakness_in_limbs, neck_pain, loss_of_balance
1357,Cervical spondylosis, back_pain, weakness_in_limbs, neck_pain, dizziness
1358,Cervical spondylosis, back_pain, weakness_in_limbs, neck_pain, dizziness
1359,Cervical spondylosis, weakness_in_limbs, neck_pain, dizziness, loss_of_balance
1360,Cervical spondylosis, back_pain, neck_pain, dizziness, loss_of_balance
1361,Paralysis (brain hemorrhage), vomiting, headache, weakness_of_one_body_side, altered_sensorium
1362,Paralysis (brain hemorrhage), vomiting, headache, weakness_of_one_body_side, altered_sensorium
1363,Paralysis (brain hemorrhage), headache, weakness_of_one_body_side, altered_sensorium,0
1364,Paralysis (brain hemorrhage), vomiting, weakness_of_one_body_side, altered_sensorium,0
1365,Paralysis (brain hemorrhage), vomiting, headache, altered_sensorium,0
1366,Paralysis (brain hemorrhage), vomiting, headache, weakness_of_one_body_side,0
1367,Paralysis (brain hemorrhage), vomiting, headache, weakness_of_one_body_side, altered_sensorium
1368,Paralysis (brain hemorrhage), headache, weakness_of_one_body_side, altered_sensorium,0
1369,Paralysis (brain hemorrhage), vomiting, weakness_of_one_body_side, altered_sensorium,0
1370,Paralysis (brain hemorrhage), vomiting, headache, altered_sensorium,0
1371,Jaundice,itching, vomiting, fatigue, weight_loss
1372,Jaundice,itching, vomiting, fatigue, weight_loss
1373,Jaundice, vomiting, fatigue, weight_loss, high_fever
1374,Jaundice,itching, fatigue, weight_loss, high_fever
1375,Jaundice,itching, vomiting, weight_loss, high_fever
1376,Jaundice,itching, vomiting, fatigue, high_fever
1377,Jaundice,itching, vomiting, fatigue, weight_loss
1378,Jaundice,itching, vomiting, fatigue, weight_loss
1379,Jaundice,itching, vomiting, fatigue, weight_loss
1380,Jaundice,itching, vomiting, fatigue, weight_loss
1381,Malaria, chills, vomiting, high_fever, sweating
1382,Malaria, chills, vomiting, high_fever, sweating
1383,Malaria, chills, vomiting, high_fever, sweating
1384,Malaria, vomiting, high_fever, sweating, headache
1385,Malaria, chills, high_fever, sweating, headache
1386,Malaria, chills, vomiting, sweating, headache
1387,Malaria, chills, vomiting, high_fever, headache
1388,Malaria, chills, vomiting, high_fever, sweating
1389,Malaria, chills, vomiting, high_fever, sweating
1390,Malaria, chills, vomiting, high_fever, sweating
1391,Chicken pox,itching, skin_rash, fatigue, lethargy
1392,Chicken pox, skin_rash, fatigue, lethargy, high_fever
1393,Chicken pox,itching, fatigue, lethargy, high_fever
1394,Chicken pox,itching, skin_rash, lethargy, high_fever
1395,Chicken pox,itching, skin_rash, fatigue, high_fever
1396,Chicken pox,itching, skin_rash, fatigue, lethargy
1397,Chicken pox,itching, skin_rash, fatigue, lethargy
1398,Chicken pox,itching, skin_rash, fatigue, lethargy
1399,Chicken pox,itching, skin_rash, fatigue, lethargy
1400,Chicken pox,itching, skin_rash, fatigue, lethargy
1401,Dengue, skin_rash, chills, joint_pain, vomiting
1402,Dengue, skin_rash, chills, joint_pain, vomiting
1403,Dengue, skin_rash, chills, joint_pain, vomiting
1404,Dengue, skin_rash, chills, joint_pain, vomiting
1405,Dengue, chills, joint_pain, vomiting, fatigue
1406,Dengue, skin_rash, joint_pain, vomiting, fatigue
1407,Dengue, skin_rash, chills, vomiting, fatigue
1408,Dengue, skin_rash, chills, joint_pain, fatigue
1409,Dengue, skin_rash, chills, joint_pain, vomiting
1410,Dengue, skin_rash, chills, joint_pain, vomiting
1411,Typhoid, chills, vomiting, fatigue, high_fever
1412,Typhoid, chills, vomiting, fatigue, high_fever
1413,Typhoid, chills, vomiting, fatigue, high_fever
1414,Typhoid, chills, vomiting, fatigue, high_fever
1415,Typhoid, chills, vomiting, fatigue, high_fever
1416,Typhoid, chills, vomiting, fatigue, high_fever
1417,Typhoid, chills, vomiting, fatigue, high_fever
1418,Typhoid, chills, vomiting, fatigue, high_fever
1419,Typhoid, chills, vomiting, fatigue, high_fever
1420,Typhoid, chills, fatigue, high_fever, headache
1421,hepatitis A, joint_pain, vomiting, yellowish_skin, dark_urine
1422,hepatitis A, joint_pain, vomiting, yellowish_skin, dark_urine
1423,hepatitis A, vomiting, yellowish_skin, dark_urine, nausea
1424,hepatitis A, joint_pain, yellowish_skin, dark_urine, nausea
1425,hepatitis A, joint_pain, vomiting, dark_urine, nausea
1426,hepatitis A, joint_pain, vomiting, yellowish_skin, nausea
1427,hepatitis A, joint_pain, vomiting, yellowish_skin, dark_urine
1428,hepatitis A, joint_pain, vomiting, yellowish_skin, dark_urine
1429,hepatitis A, joint_pain, vomiting, yellowish_skin, dark_urine
1430,hepatitis A, joint_pain, vomiting, yellowish_skin, dark_urine
1431,Hepatitis B,itching, fatigue, lethargy, yellowish_skin
1432,Hepatitis B,itching, fatigue, lethargy, yellowish_skin
1433,Hepatitis B, fatigue, lethargy, yellowish_skin, dark_urine
1434,Hepatitis B,itching, lethargy, yellowish_skin, dark_urine
1435,Hepatitis B,itching, fatigue, yellowish_skin, dark_urine
1436,Hepatitis B,itching, fatigue, lethargy, dark_urine
1437,Hepatitis B,itching, fatigue, lethargy, yellowish_skin
1438,Hepatitis B,itching, fatigue, lethargy, yellowish_skin
1439,Hepatitis B,itching, fatigue, lethargy, yellowish_skin
1440,Hepatitis B,itching, fatigue, lethargy, yellowish_skin
1441,Hepatitis C, fatigue, yellowish_skin, nausea, loss_of_appetite
1442,Hepatitis C, fatigue, yellowish_skin, nausea, loss_of_appetite
1443,Hepatitis C, yellowish_skin, nausea, loss_of_appetite, yellowing_of_eyes
1444,Hepatitis C, fatigue, nausea, loss_of_appetite, yellowing_of_eyes
1445,Hepatitis C, fatigue, yellowish_skin, loss_of_appetite, yellowing_of_eyes
1446,Hepatitis C, fatigue, yellowish_skin, nausea, yellowing_of_eyes
1447,Hepatitis C, fatigue, yellowish_skin, nausea, loss_of_appetite
1448,Hepatitis C, fatigue, yellowish_skin, nausea, loss_of_appetite
1449,Hepatitis C, fatigue, yellowish_skin, nausea, loss_of_appetite
1450,Hepatitis C, fatigue, yellowish_skin, nausea, loss_of_appetite
1451,Hepatitis D, joint_pain, vomiting, fatigue, yellowish_skin
1452,Hepatitis D, vomiting, fatigue, yellowish_skin, dark_urine
1453,Hepatitis D, joint_pain, fatigue, yellowish_skin, dark_urine
1454,Hepatitis D, joint_pain, vomiting, yellowish_skin, dark_urine
1455,Hepatitis D, joint_pain, vomiting, fatigue, dark_urine
1456,Hepatitis D, joint_pain, vomiting, fatigue, yellowish_skin
1457,Hepatitis D, joint_pain, vomiting, fatigue, yellowish_skin
1458,Hepatitis D, joint_pain, vomiting, fatigue, yellowish_skin
1459,Hepatitis D, joint_pain, vomiting, fatigue, yellowish_skin
1460,Hepatitis D, joint_pain, vomiting, fatigue, yellowish_skin
1461,Hepatitis E, joint_pain, vomiting, fatigue, high_fever
1462,Hepatitis E, joint_pain, vomiting, fatigue, high_fever
1463,Hepatitis E, joint_pain, vomiting, fatigue, high_fever
1464,Hepatitis E, vomiting, fatigue, high_fever, yellowish_skin
1465,Hepatitis E, joint_pain, fatigue, high_fever, yellowish_skin
1466,Hepatitis E, joint_pain, vomiting, high_fever, yellowish_skin
1467,Hepatitis E, joint_pain, vomiting, fatigue, yellowish_skin
1468,Hepatitis E, joint_pain, vomiting, fatigue, high_fever
1469,Hepatitis E, joint_pain, vomiting, fatigue, high_fever
1470,Hepatitis E, joint_pain, vomiting, fatigue, high_fever
1471,Alcoholic hepatitis, vomiting, yellowish_skin, abdominal_pain, swelling_of_stomach
1472,Alcoholic hepatitis, vomiting, yellowish_skin, abdominal_pain, swelling_of_stomach
1473,Alcoholic hepatitis, yellowish_skin, abdominal_pain, swelling_of_stomach, distention_of_abdomen
1474,Alcoholic hepatitis, vomiting, abdominal_pain, swelling_of_stomach, distention_of_abdomen
1475,Alcoholic hepatitis, vomiting, yellowish_skin, swelling_of_stomach, distention_of_abdomen
1476,Alcoholic hepatitis, vomiting, yellowish_skin, abdominal_pain, distention_of_abdomen
1477,Alcoholic hepatitis, vomiting, yellowish_skin, abdominal_pain, swelling_of_stomach
1478,Alcoholic hepatitis, vomiting, yellowish_skin, abdominal_pain, swelling_of_stomach
1479,Alcoholic hepatitis, vomiting, yellowish_skin, abdominal_pain, swelling_of_stomach
1480,Alcoholic hepatitis, vomiting, yellowish_skin, abdominal_pain, swelling_of_stomach
1481,Tuberculosis, chills, vomiting, fatigue, weight_loss
1482,Tuberculosis, chills, vomiting, fatigue, weight_loss
1483,Tuberculosis, vomiting, fatigue, weight_loss, cough
1484,Tuberculosis, chills, fatigue, weight_loss, cough
1485,Tuberculosis, chills, vomiting, weight_loss, cough
1486,Tuberculosis, chills, vomiting, fatigue, cough
1487,Tuberculosis, chills, vomiting, fatigue, weight_loss
1488,Tuberculosis, chills, vomiting, fatigue, weight_loss
1489,Tuberculosis, chills, vomiting, fatigue, weight_loss
1490,Tuberculosis, chills, vomiting, fatigue, weight_loss
1491,Common Cold, continuous_sneezing, chills, fatigue, cough
1492,Common Cold, continuous_sneezing, chills, fatigue, cough
1493,Common Cold, chills, fatigue, cough, high_fever
1494,Common Cold, continuous_sneezing, fatigue, cough, high_fever
1495,Common Cold, continuous_sneezing, chills, cough, high_fever
1496,Common Cold, continuous_sneezing, chills, fatigue, high_fever
1497,Common Cold, continuous_sneezing, chills, fatigue, cough
1498,Common Cold, continuous_sneezing, chills, fatigue, cough
1499,Common Cold, continuous_sneezing, chills, fatigue, cough
1500,Common Cold, continuous_sneezing, chills, fatigue, cough
1501,Pneumonia, chills, fatigue, cough, high_fever
1502,Pneumonia, chills, fatigue, cough, high_fever
1503,Pneumonia, chills, fatigue, cough, high_fever
1504,Pneumonia, fatigue, cough, high_fever, breathlessness
1505,Pneumonia, chills, cough, high_fever, breathlessness
1506,Pneumonia, chills, fatigue, high_fever, breathlessness
1507,Pneumonia, chills, fatigue, cough, breathlessness
1508,Pneumonia, chills, fatigue, cough, high_fever
1509,Pneumonia, chills, fatigue, cough, high_fever
1510,Pneumonia, chills, fatigue, cough, high_fever
1511,Dimorphic hemmorhoids(piles), constipation, pain_during_bowel_movements, pain_in_anal_region, bloody_stool
1512,Dimorphic hemmorhoids(piles), constipation, pain_during_bowel_movements, pain_in_anal_region, bloody_stool
1513,Dimorphic hemmorhoids(piles), constipation, pain_during_bowel_movements, pain_in_anal_region, bloody_stool
1514,Dimorphic hemmorhoids(piles), pain_during_bowel_movements, pain_in_anal_region, bloody_stool, irritation_in_anus
1515,Dimorphic hemmorhoids(piles), constipation, pain_in_anal_region, bloody_stool, irritation_in_anus
1516,Dimorphic hemmorhoids(piles), constipation, pain_during_bowel_movements, bloody_stool, irritation_in_anus
1517,Dimorphic hemmorhoids(piles), constipation, pain_during_bowel_movements, pain_in_anal_region, irritation_in_anus
1518,Dimorphic hemmorhoids(piles), constipation, pain_during_bowel_movements, pain_in_anal_region, bloody_stool
1519,Dimorphic hemmorhoids(piles), constipation, pain_during_bowel_movements, pain_in_anal_region, bloody_stool
1520,Dimorphic hemmorhoids(piles), constipation, pain_during_bowel_movements, pain_in_anal_region, bloody_stool
1521,Heart attack, vomiting, breathlessness, sweating, chest_pain
1522,Heart attack, vomiting, breathlessness, sweating, chest_pain
1523,Heart attack, breathlessness, sweating, chest_pain,0
1524,Heart attack, vomiting, sweating, chest_pain,0
1525,Heart attack, vomiting, breathlessness, chest_pain,0
1526,Heart attack, vomiting, breathlessness, sweating,0
1527,Heart attack, vomiting, breathlessness, sweating, chest_pain
1528,Heart attack, breathlessness, sweating, chest_pain,0
1529,Heart attack, vomiting, sweating, chest_pain,0
1530,Heart attack, vomiting, breathlessness, chest_pain,0
1531,Varicose veins, fatigue, cramps, bruising, obesity
1532,Varicose veins, fatigue, cramps, bruising, obesity
1533,Varicose veins, cramps, bruising, obesity, swollen_legs
1534,Varicose veins, fatigue, bruising, obesity, swollen_legs
1535,Varicose veins, fatigue, cramps, obesity, swollen_legs
1536,Varicose veins, fatigue, cramps, bruising, swollen_legs
1537,Varicose veins, fatigue, cramps, bruising, obesity
1538,Varicose veins, fatigue, cramps, bruising, obesity
1539,Varicose veins, fatigue, cramps, bruising, obesity
1540,Varicose veins, fatigue, cramps, bruising, obesity
1541,Hypothyroidism, fatigue, weight_gain, cold_hands_and_feets, mood_swings
1542,Hypothyroidism, fatigue, weight_gain, cold_hands_and_feets, mood_swings
1543,Hypothyroidism, weight_gain, cold_hands_and_feets, mood_swings, lethargy
1544,Hypothyroidism, weight_gain, cold_hands_and_feets, mood_swings, lethargy
1545,Hypothyroidism, fatigue, cold_hands_and_feets, mood_swings, lethargy
1546,Hypothyroidism, fatigue, weight_gain, mood_swings, lethargy
1547,Hypothyroidism, fatigue, weight_gain, cold_hands_and_feets, lethargy
1548,Hypothyroidism, fatigue, weight_gain, cold_hands_and_feets, mood_swings
1549,Hypothyroidism, fatigue, weight_gain, cold_hands_and_feets, mood_swings
1550,Hypothyroidism, fatigue, weight_gain, cold_hands_and_feets, mood_swings
1551,Hyperthyroidism, fatigue, mood_swings, weight_loss, restlessness
1552,Hyperthyroidism, fatigue, mood_swings, weight_loss, restlessness
1553,Hyperthyroidism, mood_swings, weight_loss, restlessness, sweating
1554,Hyperthyroidism, fatigue, weight_loss, restlessness, sweating
1555,Hyperthyroidism, fatigue, mood_swings, restlessness, sweating
1556,Hyperthyroidism, fatigue, mood_swings, weight_loss, sweating
1557,Hyperthyroidism, fatigue, mood_swings, weight_loss, restlessness
1558,Hyperthyroidism, fatigue, mood_swings, weight_loss, restlessness
1559,Hyperthyroidism, fatigue, mood_swings, weight_loss, restlessness
1560,Hyperthyroidism, fatigue, mood_swings, weight_loss, restlessness
1561,Hypoglycemia, vomiting, fatigue, anxiety, sweating
1562,Hypoglycemia, vomiting, fatigue, anxiety, sweating
1563,Hypoglycemia, vomiting, fatigue, anxiety, sweating
1564,Hypoglycemia, fatigue, anxiety, sweating, headache
1565,Hypoglycemia, vomiting, anxiety, sweating, headache
1566,Hypoglycemia, vomiting, fatigue, sweating, headache
1567,Hypoglycemia, vomiting, fatigue, anxiety, headache
1568,Hypoglycemia, vomiting, fatigue, anxiety, sweating
1569,Hypoglycemia, vomiting, fatigue, anxiety, sweating
1570,Hypoglycemia, vomiting, fatigue, anxiety, sweating
1571,Osteoarthristis, joint_pain, neck_pain, knee_pain, hip_joint_pain
1572,Osteoarthristis, joint_pain, neck_pain, knee_pain, hip_joint_pain
1573,Osteoarthristis, neck_pain, knee_pain, hip_joint_pain, swelling_joints
1574,Osteoarthristis, joint_pain, knee_pain, hip_joint_pain, swelling_joints
1575,Osteoarthristis, joint_pain, neck_pain, hip_joint_pain, swelling_joints
1576,Osteoarthristis, joint_pain, neck_pain, knee_pain, swelling_joints
1577,Osteoarthristis, joint_pain, neck_pain, knee_pain, hip_joint_pain
1578,Osteoarthristis, joint_pain, neck_pain, knee_pain, hip_joint_pain
1579,Osteoarthristis, joint_pain, neck_pain, knee_pain, hip_joint_pain
1580,Osteoarthristis, joint_pain, neck_pain, knee_pain, hip_joint_pain
1581,Arthritis, muscle_weakness, stiff_neck, swelling_joints, movement_stiffness
1582,Arthritis, muscle_weakness, stiff_neck, swelling_joints, movement_stiffness
1583,Arthritis, stiff_neck, swelling_joints, movement_stiffness, painful_walking
1584,Arthritis, muscle_weakness, swelling_joints, movement_stiffness, painful_walking
1585,Arthritis, muscle_weakness, stiff_neck, movement_stiffness, painful_walking
1586,Arthritis, muscle_weakness, stiff_neck, swelling_joints, painful_walking
1587,Arthritis, muscle_weakness, stiff_neck, swelling_joints, movement_stiffness
1588,Arthritis, muscle_weakness, stiff_neck, swelling_joints, movement_stiffness
1589,Arthritis, muscle_weakness, stiff_neck, swelling_joints, movement_stiffness
1590,Arthritis, muscle_weakness, stiff_neck, swelling_joints, movement_stiffness
1591,(vertigo) Paroymsal  Positional Vertigo, vomiting, headache, nausea, spinning_movements
1592,(vertigo) Paroymsal  Positional Vertigo, vomiting, headache, nausea, spinning_movements
1593,(vertigo) Paroymsal  Positional Vertigo, headache, nausea, spinning_movements, loss_of_balance
1594,(vertigo) Paroymsal  Positional Vertigo, vomiting, nausea, spinning_movements, loss_of_balance
1595,(vertigo) Paroymsal  Positional Vertigo, vomiting, headache, spinning_movements, loss_of_balance
1596,(vertigo) Paroymsal  Positional Vertigo, vomiting, headache, nausea, loss_of_balance
1597,(vertigo) Paroymsal  Positional Vertigo, vomiting, headache, nausea, spinning_movements
1598,(vertigo) Paroymsal  Positional Vertigo, vomiting, headache, nausea, spinning_movements
1599,(vertigo) Paroymsal  Positional Vertigo, vomiting, headache, nausea, spinning_movements
1600,(vertigo) Paroymsal  Positional Vertigo, vomiting, headache, nausea, loss_of_balance
1601,Acne, skin_rash, pus_filled_pimples, blackheads, scurring
1602,Acne, skin_rash, pus_filled_pimples, blackheads, scurring
1603,Acne, pus_filled_pimples, blackheads, scurring,0
1604,Acne, skin_rash, blackheads, scurring,0
1605,Acne, skin_rash, pus_filled_pimples, scurring,0
1606,Acne, skin_rash, pus_filled_pimples, blackheads,0
1607,Acne, skin_rash, pus_filled_pimples, blackheads, scurring
1608,Acne, skin_rash, pus_filled_pimples, blackheads,0
1609,Acne, skin_rash, pus_filled_pimples, scurring,0
1610,Acne, skin_rash, blackheads, scurring,0
1611,Urinary tract infection, burning_micturition, bladder_discomfort, foul_smell_of urine, continuous_feel_of_urine
1612,Urinary tract infection, burning_micturition, bladder_discomfort, foul_smell_of urine, continuous_feel_of_urine
1613,Urinary tract infection, bladder_discomfort, foul_smell_of urine, continuous_feel_of_urine,0
1614,Urinary tract infection, burning_micturition, foul_smell_of urine, continuous_feel_of_urine,0
1615,Urinary tract infection, burning_micturition, bladder_discomfort, continuous_feel_of_urine,0
1616,Urinary tract infection, burning_micturition, bladder_discomfort, foul_smell_of urine,0
1617,Urinary tract infection, burning_micturition, bladder_discomfort, foul_smell_of urine, continuous_feel_of_urine
1618,Urinary tract infection, burning_micturition, bladder_discomfort, continuous_feel_of_urine,0
1619,Urinary tract infection, bladder_discomfort, foul_smell_of urine, continuous_feel_of_urine,0
1620,Urinary tract infection, burning_micturition, bladder_discomfort, continuous_feel_of_urine,0
1621,Psoriasis, skin_rash, joint_pain, skin_peeling, silver_like_dusting
1622,Psoriasis, skin_rash, joint_pain, skin_peeling, silver_like_dusting
1623,Psoriasis, joint_pain, skin_peeling, silver_like_dusting, small_dents_in_nails
1624,Psoriasis, skin_rash, skin_peeling, silver_like_dusting, small_dents_in_nails
1625,Psoriasis, skin_rash, joint_pain, silver_like_dusting, small_dents_in_nails
1626,Psoriasis, skin_rash, joint_pain, skin_peeling, small_dents_in_nails
1627,Psoriasis, skin_rash, joint_pain, skin_peeling, silver_like_dusting
1628,Psoriasis, skin_rash, joint_pain, skin_peeling, silver_like_dusting
1629,Psoriasis, skin_rash, joint_pain, skin_peeling, silver_like_dusting
1630,Psoriasis, skin_rash, joint_pain, skin_peeling, silver_like_dusting
1631,Impetigo, skin_rash, high_fever, blister, red_sore_around_nose
1632,Impetigo, skin_rash, high_fever, blister, red_sore_around_nose
1633,Impetigo, high_fever, blister, red_sore_around_nose, yellow_crust_ooze
1634,Impetigo, skin_rash, blister, red_sore_around_nose, yellow_crust_ooze
1635,Impetigo, skin_rash, blister, red_sore_around_nose, yellow_crust_ooze
1636,Impetigo, skin_rash, high_fever, red_sore_around_nose, yellow_crust_ooze
1637,Impetigo, skin_rash, high_fever, blister, yellow_crust_ooze
1638,Impetigo, skin_rash, high_fever, blister, red_sore_around_nose
1639,Impetigo, skin_rash, high_fever, blister, red_sore_around_nose
1640,Impetigo, skin_rash, blister, red_sore_around_nose, yellow_crust_ooze
1641,Fungal infection,itching, skin_rash, nodal_skin_eruptions, dischromic _patches
1642,Fungal infection, skin_rash, nodal_skin_eruptions, dischromic _patches,0
1643,Fungal infection,itching, nodal_skin_eruptions, dischromic _patches,0
1644,Fungal infection,itching, skin_rash, dischromic _patches,0
1645,Fungal infection,itching, skin_rash, nodal_skin_eruptions,0
1646,Fungal infection, skin_rash, nodal_skin_eruptions, dischromic _patches,0
1647,Fungal infection,itching, nodal_skin_eruptions, dischromic _patches,0
1648,Fungal infection,itching, skin_rash, dischromic _patches,0
1649,Fungal infection,itching, skin_rash, nodal_skin_eruptions,0
1650,Fungal infection,itching, skin_rash, nodal_skin_eruptions, dischromic _patches
1651,Allergy, continuous_sneezing, shivering, chills, watering_from_eyes
1652,Allergy, shivering, chills, watering_from_eyes,0
1653,Allergy, continuous_sneezing, chills, watering_from_eyes,0
1654,Allergy, continuous_sneezing, shivering, watering_from_eyes,0
1655,Allergy, continuous_sneezing, shivering, chills,0
1656,Allergy, shivering, chills, watering_from_eyes,0
1657,Allergy, continuous_sneezing, chills, watering_from_eyes,0
1658,Allergy, continuous_sneezing, shivering, watering_from_eyes,0
1659,Allergy, continuous_sneezing, shivering, chills,0
1660,Allergy, continuous_sneezing, shivering, chills, watering_from_eyes
1661,GERD, stomach_pain, acidity, ulcers_on_tongue, vomiting
1662,GERD, stomach_pain, ulcers_on_tongue, vomiting, cough
1663,GERD, stomach_pain, acidity, vomiting, cough
1664,GERD, stomach_pain, acidity, ulcers_on_tongue, cough
1665,GERD, stomach_pain, acidity, ulcers_on_tongue, vomiting
1666,GERD, stomach_pain, acidity, ulcers_on_tongue, vomiting
1667,GERD, acidity, ulcers_on_tongue, vomiting, cough
1668,GERD, stomach_pain, ulcers_on_tongue, vomiting, cough
1669,GERD, stomach_pain, acidity, vomiting, cough
1670,GERD, stomach_pain, acidity, ulcers_on_tongue, cough
1671,Chronic cholestasis,itching, vomiting, yellowish_skin, nausea
1672,Chronic cholestasis, vomiting, yellowish_skin, nausea, loss_of_appetite
1673,Chronic cholestasis,itching, yellowish_skin, nausea, loss_of_appetite
1674,Chronic cholestasis,itching, vomiting, nausea, loss_of_appetite
1675,Chronic cholestasis,itching, vomiting, yellowish_skin, loss_of_appetite
1676,Chronic cholestasis,itching, vomiting, yellowish_skin, nausea
1677,Chronic cholestasis,itching, vomiting, yellowish_skin, nausea
1678,Chronic cholestasis,itching, vomiting, yellowish_skin, nausea
1679,Chronic cholestasis,itching, vomiting, yellowish_skin, nausea
1680,Chronic cholestasis,itching, vomiting, yellowish_skin, nausea
1681,Drug Reaction,itching, skin_rash, stomach_pain, burning_micturition
1682,Drug Reaction,itching, stomach_pain, burning_micturition, spotting_ urination
1683,Drug Reaction,itching, skin_rash, burning_micturition, spotting_ urination
1684,Drug Reaction,itching, skin_rash, stomach_pain, spotting_ urination
1685,Drug Reaction,itching, skin_rash, stomach_pain, burning_micturition
1686,Drug Reaction, skin_rash, stomach_pain, burning_micturition, spotting_ urination
1687,Drug Reaction,itching, stomach_pain, burning_micturition, spotting_ urination
1688,Drug Reaction,itching, skin_rash, burning_micturition, spotting_ urination
1689,Drug Reaction,itching, skin_rash, stomach_pain, spotting_ urination
1690,Drug Reaction,itching, skin_rash, stomach_pain, burning_micturition
1691,Peptic ulcer diseae, vomiting, loss_of_appetite, abdominal_pain, passage_of_gases
1692,Peptic ulcer diseae, vomiting, indigestion, abdominal_pain, passage_of_gases
1693,Peptic ulcer diseae, indigestion, loss_of_appetite, abdominal_pain, passage_of_gases
1694,Peptic ulcer diseae, vomiting, loss_of_appetite, abdominal_pain, passage_of_gases
1695,Peptic ulcer diseae, vomiting, indigestion, abdominal_pain, passage_of_gases
1696,Peptic ulcer diseae, vomiting, indigestion, loss_of_appetite, passage_of_gases
1697,Peptic ulcer diseae, vomiting, indigestion, loss_of_appetite, abdominal_pain
1698,Peptic ulcer diseae, vomiting, indigestion, loss_of_appetite, abdominal_pain
1699,Peptic ulcer diseae, vomiting, indigestion, loss_of_appetite, abdominal_pain
1700,Peptic ulcer diseae, vomiting, indigestion, loss_of_appetite, abdominal_pain
1701,AIDS, muscle_wasting, patches_in_throat, high_fever, extra_marital_contacts
1702,AIDS, patches_in_throat, high_fever, extra_marital_contacts,0
1703,AIDS, muscle_wasting, high_fever, extra_marital_contacts,0
1704,AIDS, muscle_wasting, patches_in_throat, extra_marital_contacts,0
1705,AIDS, muscle_wasting, patches_in_throat, high_fever,0
1706,AIDS, muscle_wasting, patches_in_throat, high_fever, extra_marital_contacts
1707,AIDS, muscle_wasting, patches_in_throat, high_fever, extra_marital_contacts
1708,AIDS, patches_in_throat, high_fever, extra_marital_contacts,0
1709,AIDS, muscle_wasting, high_fever, extra_marital_contacts,0
1710,AIDS, muscle_wasting, patches_in_throat, high_fever,0
1711,Diabetes , fatigue, weight_loss, restlessness, lethargy
1712,Diabetes , fatigue, weight_loss, restlessness, lethargy
1713,Diabetes , weight_loss, restlessness, lethargy, irregular_sugar_level
1714,Diabetes , fatigue, restlessness, lethargy, irregular_sugar_level
1715,Diabetes , fatigue, weight_loss, lethargy, irregular_sugar_level
1716,Diabetes , fatigue, weight_loss, restlessness, irregular_sugar_level
1717,Diabetes , fatigue, weight_loss, restlessness, lethargy
1718,Diabetes , fatigue, weight_loss, restlessness, lethargy
1719,Diabetes , fatigue, weight_loss, restlessness, lethargy
1720,Diabetes , fatigue, weight_loss, restlessness, lethargy
1721,Gastroenteritis, vomiting, sunken_eyes, dehydration, diarrhoea
1722,Gastroenteritis, vomiting, sunken_eyes, dehydration, diarrhoea
1723,Gastroenteritis, sunken_eyes, dehydration, diarrhoea,0
1724,Gastroenteritis, vomiting, dehydration, diarrhoea,0
1725,Gastroenteritis, vomiting, sunken_eyes, diarrhoea,0
1726,Gastroenteritis, vomiting, sunken_eyes, dehydration,0
1727,Gastroenteritis, vomiting, sunken_eyes, dehydration, diarrhoea
1728,Gastroenteritis, sunken_eyes, dehydration, diarrhoea,0
1729,Gastroenteritis, vomiting, dehydration, diarrhoea,0
1730,Gastroenteritis, vomiting, sunken_eyes, diarrhoea,0
1731,Bronchial Asthma, fatigue, cough, high_fever, breathlessness
1732,Bronchial Asthma, cough, high_fever, breathlessness, family_history
1733,Bronchial Asthma, fatigue, high_fever, breathlessness, family_history
1734,Bronchial Asthma, fatigue, cough, breathlessness, family_history
1735,Bronchial Asthma, fatigue, cough, high_fever, family_history
1736,Bronchial Asthma, fatigue, cough, high_fever, breathlessness
1737,Bronchial Asthma, fatigue, cough, high_fever, breathlessness
1738,Bronchial Asthma, fatigue, cough, high_fever, breathlessness
1739,Bronchial Asthma, cough, high_fever, breathlessness, family_history
1740,Bronchial Asthma, fatigue, high_fever, breathlessness, family_history
1741,Hypertension , headache, chest_pain, dizziness, loss_of_balance
1742,Hypertension , chest_pain, dizziness, loss_of_balance, lack_of_concentration
1743,Hypertension , headache, dizziness, loss_of_balance, lack_of_concentration
1744,Hypertension , headache, chest_pain, loss_of_balance, lack_of_concentration
1745,Hypertension , headache, chest_pain, dizziness, lack_of_concentration
1746,Hypertension , headache, chest_pain, dizziness, loss_of_balance
1747,Hypertension , headache, chest_pain, dizziness, loss_of_balance
1748,Hypertension , chest_pain, dizziness, loss_of_balance, lack_of_concentration
1749,Hypertension , headache, dizziness, loss_of_balance, lack_of_concentration
1750,Hypertension , headache, chest_pain, loss_of_balance, lack_of_concentration
1751,Migraine, acidity, indigestion, headache, blurred_and_distorted_vision
1752,Migraine, indigestion, headache, blurred_and_distorted_vision, excessive_hunger
1753,Migraine, acidity, headache, blurred_and_distorted_vision, excessive_hunger
1754,Migraine, acidity, indigestion, blurred_and_distorted_vision, excessive_hunger
1755,Migraine, acidity, indigestion, headache, excessive_hunger
1756,Migraine, acidity, indigestion, headache, blurred_and_distorted_vision
1757,Migraine, acidity, indigestion, headache, blurred_and_distorted_vision
1758,Migraine, acidity, indigestion, headache, blurred_and_distorted_vision
1759,Migraine, acidity, indigestion, headache, blurred_and_distorted_vision
1760,Migraine, acidity, indigestion, headache, blurred_and_distorted_vision
1761,Cervical spondylosis, back_pain, weakness_in_limbs, neck_pain, dizziness
1762,Cervical spondylosis, back_pain, weakness_in_limbs, neck_pain, dizziness
1763,Cervical spondylosis, weakness_in_limbs, neck_pain, dizziness, loss_of_balance
1764,Cervical spondylosis, back_pain, neck_pain, dizziness, loss_of_balance
1765,Cervical spondylosis, back_pain, weakness_in_limbs, dizziness, loss_of_balance
1766,Cervical spondylosis, back_pain, weakness_in_limbs, neck_pain, loss_of_balance
1767,Cervical spondylosis, back_pain, weakness_in_limbs, neck_pain, dizziness
1768,Cervical spondylosis, back_pain, weakness_in_limbs, neck_pain, dizziness
1769,Cervical spondylosis, weakness_in_limbs, neck_pain, dizziness, loss_of_balance
1770,Cervical spondylosis, back_pain, neck_pain, dizziness, loss_of_balance
1771,Paralysis (brain hemorrhage), vomiting, headache, weakness_of_one_body_side, altered_sensorium
1772,Paralysis (brain hemorrhage), vomiting, headache, weakness_of_one_body_side, altered_sensorium
1773,Paralysis (brain hemorrhage), headache, weakness_of_one_body_side, altered_sensorium,0
1774,Paralysis (brain hemorrhage), vomiting, weakness_of_one_body_side, altered_sensorium,0
1775,Paralysis (brain hemorrhage), vomiting, headache, altered_sensorium,0
1776,Paralysis (brain hemorrhage), vomiting, headache, weakness_of_one_body_side,0
1777,Paralysis (brain hemorrhage), vomiting, headache, weakness_of_one_body_side, altered_sensorium
1778,Paralysis (brain hemorrhage), headache, weakness_of_one_body_side, altered_sensorium,0
1779,Paralysis (brain hemorrhage), vomiting, weakness_of_one_body_side, altered_sensorium,0
1780,Paralysis (brain hemorrhage), vomiting, headache, altered_sensorium,0
1781,Jaundice,itching, vomiting, fatigue, weight_loss
1782,Jaundice,itching, vomiting, fatigue, weight_loss
1783,Jaundice, vomiting, fatigue, weight_loss, high_fever
1784,Jaundice,itching, fatigue, weight_loss, high_fever
1785,Jaundice,itching, vomiting, weight_loss, high_fever
1786,Jaundice,itching, vomiting, fatigue, high_fever
1787,Jaundice,itching, vomiting, fatigue, weight_loss
1788,Jaundice,itching, vomiting, fatigue, weight_loss
1789,Jaundice,itching, vomiting, fatigue, weight_loss
1790,Jaundice,itching, vomiting, fatigue, weight_loss
1791,Malaria, chills, vomiting, high_fever, sweating
1792,Malaria, chills, vomiting, high_fever, sweating
1793,Malaria, chills, vomiting, high_fever, sweating
1794,Malaria, vomiting, high_fever, sweating, headache
1795,Malaria, chills, high_fever, sweating, headache
1796,Malaria, chills, vomiting, sweating, headache
1797,Malaria, chills, vomiting, high_fever, headache
1798,Malaria, chills, vomiting, high_fever, sweating
1799,Malaria, chills, vomiting, high_fever, sweating
1800,Malaria, chills, vomiting, high_fever, sweating
1801,Chicken pox,itching, skin_rash, fatigue, lethargy
1802,Chicken pox, skin_rash, fatigue, lethargy, high_fever
1803,Chicken pox,itching, fatigue, lethargy, high_fever
1804,Chicken pox,itching, skin_rash, lethargy, high_fever
1805,Chicken pox,itching, skin_rash, fatigue, high_fever
1806,Chicken pox,itching, skin_rash, fatigue, lethargy
1807,Chicken pox,itching, skin_rash, fatigue, lethargy
1808,Chicken pox,itching, skin_rash, fatigue, lethargy
1809,Chicken pox,itching, skin_rash, fatigue, lethargy
1810,Chicken pox,itching, skin_rash, fatigue, lethargy
1811,Dengue, skin_rash, chills, joint_pain, vomiting
1812,Dengue, skin_rash, chills, joint_pain, vomiting
1813,Dengue, skin_rash, chills, joint_pain, vomiting
1814,Dengue, skin_rash, chills, joint_pain, vomiting
1815,Dengue, chills, joint_pain, vomiting, fatigue
1816,Dengue, skin_rash, joint_pain, vomiting, fatigue
1817,Dengue, skin_rash, chills, vomiting, fatigue
1818,Dengue, skin_rash, chills, joint_pain, fatigue
1819,Dengue, skin_rash, chills, joint_pain, vomiting
1820,Dengue, skin_rash, chills, joint_pain, vomiting
1821,Typhoid, chills, vomiting, fatigue, high_fever
1822,Typhoid, chills, vomiting, fatigue, high_fever
1823,Typhoid, chills, vomiting, fatigue, high_fever
1824,Typhoid, chills, vomiting, fatigue, high_fever
1825,Typhoid, chills, vomiting, fatigue, high_fever
1826,Typhoid, chills, vomiting, fatigue, high_fever
1827,Typhoid, chills, vomiting, fatigue, high_fever
1828,Typhoid, chills, vomiting, fatigue, high_fever
1829,Typhoid, chills, vomiting, fatigue, high_fever
1830,Typhoid, chills, fatigue, high_fever, headache
1831,hepatitis A, joint_pain, vomiting, yellowish_skin, dark_urine
1832,hepatitis A, joint_pain, vomiting, yellowish_skin, dark_urine
1833,hepatitis A, vomiting, yellowish_skin, dark_urine, nausea
1834,hepatitis A, joint_pain, yellowish_skin, dark_urine, nausea
1835,hepatitis A, joint_pain, vomiting, dark_urine, nausea
1836,hepatitis A, joint_pain, vomiting, yellowish_skin, nausea
1837,hepatitis A, joint_pain, vomiting, yellowish_skin, dark_urine
1838,hepatitis A, joint_pain, vomiting, yellowish_skin, dark_urine
1839,hepatitis A, joint_pain, vomiting, yellowish_skin, dark_urine
1840,hepatitis A, joint_pain, vomiting, yellowish_skin, dark_urine
1841,Hepatitis B,itching, fatigue, lethargy, yellowish_skin
1842,Hepatitis B,itching, fatigue, lethargy, yellowish_skin
1843,Hepatitis B, fatigue, lethargy, yellowish_skin, dark_urine
1844,Hepatitis B,itching, lethargy, yellowish_skin, dark_urine
1845,Hepatitis B,itching, fatigue, yellowish_skin, dark_urine
1846,Hepatitis B,itching, fatigue, lethargy, dark_urine
1847,Hepatitis B,itching, fatigue, lethargy, yellowish_skin
1848,Hepatitis B,itching, fatigue, lethargy, yellowish_skin
1849,Hepatitis B,itching, fatigue, lethargy, yellowish_skin
1850,Hepatitis B,itching, fatigue, lethargy, yellowish_skin
1851,Hepatitis C, fatigue, yellowish_skin, nausea, loss_of_appetite
1852,Hepatitis C, fatigue, yellowish_skin, nausea, loss_of_appetite
1853,Hepatitis C, yellowish_skin, nausea, loss_of_appetite, yellowing_of_eyes
1854,Hepatitis C, fatigue, nausea, loss_of_appetite, yellowing_of_eyes
1855,Hepatitis C, fatigue, yellowish_skin, loss_of_appetite, yellowing_of_eyes
1856,Hepatitis C, fatigue, yellowish_skin, nausea, yellowing_of_eyes
1857,Hepatitis C, fatigue, yellowish_skin, nausea, loss_of_appetite
1858,Hepatitis C, fatigue, yellowish_skin, nausea, loss_of_appetite
1859,Hepatitis C, fatigue, yellowish_skin, nausea, loss_of_appetite
1860,Hepatitis C, fatigue, yellowish_skin, nausea, loss_of_appetite
1861,Hepatitis D, joint_pain, vomiting, fatigue, yellowish_skin
1862,Hepatitis D, vomiting, fatigue, yellowish_skin, dark_urine
1863,Hepatitis D, joint_pain, fatigue, yellowish_skin, dark_urine
1864,Hepatitis D, joint_pain, vomiting, yellowish_skin, dark_urine
1865,Hepatitis D, joint_pain, vomiting, fatigue, dark_urine
1866,Hepatitis D, joint_pain, vomiting, fatigue, yellowish_skin
1867,Hepatitis D, joint_pain, vomiting, fatigue, yellowish_skin
1868,Hepatitis D, joint_pain, vomiting, fatigue, yellowish_skin
1869,Hepatitis D, joint_pain, vomiting, fatigue, yellowish_skin
1870,Hepatitis D, joint_pain, vomiting, fatigue, yellowish_skin
1871,Hepatitis E, joint_pain, vomiting, fatigue, high_fever
1872,Hepatitis E, joint_pain, vomiting, fatigue, high_fever
1873,Hepatitis E, joint_pain, vomiting, fatigue, high_fever
1874,Hepatitis E, vomiting, fatigue, high_fever, yellowish_skin
1875,Hepatitis E, joint_pain, fatigue, high_fever, yellowish_skin
1876,Hepatitis E, joint_pain, vomiting, high_fever, yellowish_skin
1877,Hepatitis E, joint_pain, vomiting, fatigue, yellowish_skin
1878,Hepatitis E, joint_pain, vomiting, fatigue, high_fever
1879,Hepatitis E, joint_pain, vomiting, fatigue, high_fever
1880,Hepatitis E, joint_pain, vomiting, fatigue, high_fever
1881,Alcoholic hepatitis, vomiting, yellowish_skin, abdominal_pain, swelling_of_stomach
1882,Alcoholic hepatitis, vomiting, yellowish_skin, abdominal_pain, swelling_of_stomach
1883,Alcoholic hepatitis, yellowish_skin, abdominal_pain, swelling_of_stomach, distention_of_abdomen
1884,Alcoholic hepatitis, vomiting, abdominal_pain, swelling_of_stomach, distention_of_abdomen
1885,Alcoholic hepatitis, vomiting, yellowish_skin, swelling_of_stomach, distention_of_abdomen
1886,Alcoholic hepatitis, vomiting, yellowish_skin, abdominal_pain, distention_of_abdomen
1887,Alcoholic hepatitis, vomiting, yellowish_skin, abdominal_pain, swelling_of_stomach
1888,Alcoholic hepatitis, vomiting, yellowish_skin, abdominal_pain, swelling_of_stomach
1889,Alcoholic hepatitis, vomiting, yellowish_skin, abdominal_pain, swelling_of_stomach
1890,Alcoholic hepatitis, vomiting, yellowish_skin, abdominal_pain, swelling_of_stomach
1891,Tuberculosis, chills, vomiting, fatigue, weight_loss
1892,Tuberculosis, chills, vomiting, fatigue, weight_loss
1893,Tuberculosis, vomiting, fatigue, weight_loss, cough
1894,Tuberculosis, chills, fatigue, weight_loss, cough
1895,Tuberculosis, chills, vomiting, weight_loss, cough
1896,Tuberculosis, chills, vomiting, fatigue, cough
1897,Tuberculosis, chills, vomiting, fatigue, weight_loss
1898,Tuberculosis, chills, vomiting, fatigue, weight_loss
1899,Tuberculosis, chills, vomiting, fatigue, weight_loss
1900,Tuberculosis, chills, vomiting, fatigue, weight_loss
1901,Common Cold, continuous_sneezing, chills, fatigue, cough
1902,Common Cold, continuous_sneezing, chills, fatigue, cough
1903,Common Cold, chills, fatigue, cough, high_fever
1904,Common Cold, continuous_sneezing, fatigue, cough, high_fever
1905,Common Cold, continuous_sneezing, chills, cough, high_fever
1906,Common Cold, continuous_sneezing, chills, fatigue, high_fever
1907,Common Cold, continuous_sneezing, chills, fatigue, cough
1908,Common Cold, continuous_sneezing, chills, fatigue, cough
1909,Common Cold, continuous_sneezing, chills, fatigue, cough
1910,Common Cold, continuous_sneezing, chills, fatigue, cough
1911,Pneumonia, chills, fatigue, cough, high_fever
1912,Pneumonia, chills, fatigue, cough, high_fever
1913,Pneumonia, chills, fatigue, cough, high_fever
1914,Pneumonia, fatigue, cough, high_fever, breathlessness
1915,Pneumonia, chills, cough, high_fever, breathlessness
1916,Pneumonia, chills, fatigue, high_fever, breathlessness
1917,Pneumonia, chills, fatigue, cough, breathlessness
1918,Pneumonia, chills, fatigue, cough, high_fever
1919,Pneumonia, chills, fatigue, cough, high_fever
1920,Pneumonia, chills, fatigue, cough, high_fever
1921,Dimorphic hemmorhoids(piles), constipation, pain_during_bowel_movements, pain_in_anal_region, bloody_stool
1922,Dimorphic hemmorhoids(piles), constipation, pain_during_bowel_movements, pain_in_anal_region, bloody_stool
1923,Dimorphic hemmorhoids(piles), constipation, pain_during_bowel_movements, pain_in_anal_region, bloody_stool
1924,Dimorphic hemmorhoids(piles), pain_during_bowel_movements, pain_in_anal_region, bloody_stool, irritation_in_anus
1925,Dimorphic hemmorhoids(piles), constipation, pain_in_anal_region, bloody_stool, irritation_in_anus
1926,Dimorphic hemmorhoids(piles), constipation, pain_during_bowel_movements, bloody_stool, irritation_in_anus
1927,Dimorphic hemmorhoids(piles), constipation, pain_during_bowel_movements, pain_in_anal_region, irritation_in_anus
1928,Dimorphic hemmorhoids(piles), constipation, pain_during_bowel_movements, pain_in_anal_region, bloody_stool
1929,Dimorphic hemmorhoids(piles), constipation, pain_during_bowel_movements, pain_in_anal_region, bloody_stool
1930,Dimorphic hemmorhoids(piles), constipation, pain_during_bowel_movements, pain_in_anal_region, bloody_stool
1931,Heart attack, vomiting, breathlessness, sweating, chest_pain
1932,Heart attack, vomiting, breathlessness, sweating, chest_pain
1933,Heart attack, breathlessness, sweating, chest_pain,0
1934,Heart attack, vomiting, sweating, chest_pain,0
1935,Heart attack, vomiting, breathlessness, chest_pain,0
1936,Heart attack, vomiting, breathlessness, sweating,0
1937,Heart attack, vomiting, breathlessness, sweating, chest_pain
1938,Heart attack, breathlessness, sweating, chest_pain,0
1939,Heart attack, vomiting, sweating, chest_pain,0
1940,Heart attack, vomiting, breathlessness, chest_pain,0
1941,Varicose veins, fatigue, cramps, bruising, obesity
1942,Varicose veins, fatigue, cramps, bruising, obesity
1943,Varicose veins, cramps, bruising, obesity, swollen_legs
1944,Varicose veins, fatigue, bruising, obesity, swollen_legs
1945,Varicose veins, fatigue, cramps, obesity, swollen_legs
1946,Varicose veins, fatigue, cramps, bruising, swollen_legs
1947,Varicose veins, fatigue, cramps, bruising, obesity
1948,Varicose veins, fatigue, cramps, bruising, obesity
1949,Varicose veins, fatigue, cramps, bruising, obesity
1950,Varicose veins, fatigue, cramps, bruising, obesity
1951,Hypothyroidism, fatigue, weight_gain, cold_hands_and_feets, mood_swings
1952,Hypothyroidism, fatigue, weight_gain, cold_hands_and_feets, mood_swings
1953,Hypothyroidism, weight_gain, cold_hands_and_feets, mood_swings, lethargy
1954,Hypothyroidism, weight_gain, cold_hands_and_feets, mood_swings, lethargy
1955,Hypothyroidism, fatigue, cold_hands_and_feets, mood_swings, lethargy
1956,Hypothyroidism, fatigue, weight_gain, mood_swings, lethargy
1957,Hypothyroidism, fatigue, weight_gain, cold_hands_and_feets, lethargy
1958,Hypothyroidism, fatigue, weight_gain, cold_hands_and_feets, mood_swings
1959,Hypothyroidism, fatigue, weight_gain, cold_hands_and_feets, mood_swings
1960,Hypothyroidism, fatigue, weight_gain, cold_hands_and_feets, mood_swings
1961,Hyperthyroidism, fatigue, mood_swings, weight_loss, restlessness
1962,Hyperthyroidism, fatigue, mood_swings, weight_loss, restlessness
1963,Hyperthyroidism, mood_swings, weight_loss, restlessness, sweating
1964,Hyperthyroidism, fatigue, weight_loss, restlessness, sweating
1965,Hyperthyroidism, fatigue, mood_swings, restlessness, sweating
1966,Hyperthyroidism, fatigue, mood_swings, weight_loss, sweating
1967,Hyperthyroidism, fatigue, mood_swings, weight_loss, restlessness
1968,Hyperthyroidism, fatigue, mood_swings, weight_loss, restlessness
1969,Hyperthyroidism, fatigue, mood_swings, weight_loss, restlessness
1970,Hyperthyroidism, fatigue, mood_swings, weight_loss, restlessness
1971,Hypoglycemia, vomiting, fatigue, anxiety, sweating
1972,Hypoglycemia, vomiting, fatigue, anxiety, sweating
1973,Hypoglycemia, vomiting, fatigue, anxiety, sweating
1974,Hypoglycemia, fatigue, anxiety, sweating, headache
1975,Hypoglycemia, vomiting, anxiety, sweating, headache
1976,Hypoglycemia, vomiting, fatigue, sweating, headache
1977,Hypoglycemia, vomiting, fatigue, anxiety, headache
1978,Hypoglycemia, vomiting, fatigue, anxiety, sweating
1979,Hypoglycemia, vomiting, fatigue, anxiety, sweating
1980,Hypoglycemia, vomiting, fatigue, anxiety, sweating
1981,Osteoarthristis, joint_pain, neck_pain, knee_pain, hip_joint_pain
1982,Osteoarthristis, joint_pain, neck_pain, knee_pain, hip_joint_pain
1983,Osteoarthristis, neck_pain, knee_pain, hip_joint_pain, swelling_joints
1984,Osteoarthristis, joint_pain, knee_pain, hip_joint_pain, swelling_joints
1985,Osteoarthristis, joint_pain, neck_pain, hip_joint_pain, swelling_joints
1986,Osteoarthristis, joint_pain, neck_pain, knee_pain, swelling_joints
1987,Osteoarthristis, joint_pain, neck_pain, knee_pain, hip_joint_pain
1988,Osteoarthristis, joint_pain, neck_pain, knee_pain, hip_joint_pain
1989,Osteoarthristis, joint_pain, neck_pain, knee_pain, hip_joint_pain
1990,Osteoarthristis, joint_pain, neck_pain, knee_pain, hip_joint_pain
1991,Arthritis, muscle_weakness, stiff_neck, swelling_joints, movement_stiffness
1992,Arthritis, muscle_weakness, stiff_neck, swelling_joints, movement_stiffness
1993,Arthritis, stiff_neck, swelling_joints, movement_stiffness, painful_walking
1994,Arthritis, muscle_weakness, swelling_joints, movement_stiffness, painful_walking
1995,Arthritis, muscle_weakness, stiff_neck, movement_stiffness, painful_walking
1996,Arthritis, muscle_weakness, stiff_neck, swelling_joints, painful_walking
1997,Arthritis, muscle_weakness, stiff_neck, swelling_joints, movement_stiffness
1998,Arthritis, muscle_weakness, stiff_neck, swelling_joints, movement_stiffness
1999,Arthritis, muscle_weakness, stiff_neck, swelling_joints, movement_stiffness
2000,Arthritis, muscle_weakness, stiff_neck, swelling_joints, movement_stiffness
2001,(vertigo) Paroymsal  Positional Vertigo, vomiting, headache, nausea, spinning_movements
2002,(vertigo) Paroymsal  Positional Vertigo, vomiting, headache, nausea, spinning_movements
2003,(vertigo) Paroymsal  Positional Vertigo, headache, nausea, spinning_movements, loss_of_balance
2004,(vertigo) Paroymsal  Positional Vertigo, vomiting, nausea, spinning_movements, loss_of_balance
2005,(vertigo) Paroymsal  Positional Vertigo, vomiting, headache, spinning_movements, loss_of_balance
2006,(vertigo) Paroymsal  Positional Vertigo, vomiting, headache, nausea, loss_of_balance
2007,(vertigo) Paroymsal  Positional Vertigo, vomiting, headache, nausea, spinning_movements
2008,(vertigo) Paroymsal  Positional Vertigo, vomiting, headache, nausea, spinning_movements
2009,(vertigo) Paroymsal  Positional Vertigo, vomiting, headache, nausea, spinning_movements
2010,(vertigo) Paroymsal  Positional Vertigo, vomiting, headache, nausea, loss_of_balance
2011,Acne, skin_rash, pus_filled_pimples, blackheads, scurring
2012,Acne, skin_rash, pus_filled_pimples, blackheads, scurring
2013,Acne, pus_filled_pimples, blackheads, scurring,0
2014,Acne, skin_rash, blackheads, scurring,0
2015,Acne, skin_rash, pus_filled_pimples, scurring,0
2016,Acne, skin_rash, pus_filled_pimples, blackheads,0
2017,Acne, skin_rash, pus_filled_pimples, blackheads, scurring
2018,Acne, skin_rash, pus_filled_pimples, blackheads,0
2019,Acne, skin_rash, pus_filled_pimples, scurring,0
2020,Acne, skin_rash, blackheads, scurring,0
2021,Urinary tract infection, burning_micturition, bladder_discomfort, foul_smell_of urine, continuous_feel_of_urine
2022,Urinary tract infection, burning_micturition, bladder_discomfort, foul_smell_of urine, continuous_feel_of_urine
2023,Urinary tract infection, bladder_discomfort, foul_smell_of urine, continuous_feel_of_urine,0
2024,Urinary tract infection, burning_micturition, foul_smell_of urine, continuous_feel_of_urine,0
2025,Urinary tract infection, burning_micturition, bladder_discomfort, continuous_feel_of_urine,0
2026,Urinary tract infection, burning_micturition, bladder_discomfort, foul_smell_of urine,0
2027,Urinary tract infection, burning_micturition, bladder_discomfort, foul_smell_of urine, continuous_feel_of_urine
2028,Urinary tract infection, burning_micturition, bladder_discomfort, continuous_feel_of_urine,0
2029,Urinary tract infection, bladder_discomfort, foul_smell_of urine, continuous_feel_of_urine,0
2030,Urinary tract infection, burning_micturition, bladder_discomfort, continuous_feel_of_urine,0
2031,Psoriasis, skin_rash, joint_pain, skin_peeling, silver_like_dusting
2032,Psoriasis, skin_rash, joint_pain, skin_peeling, silver_like_dusting
2033,Psoriasis, joint_pain, skin_peeling, silver_like_dusting, small_dents_in_nails
2034,Psoriasis, skin_rash, skin_peeling, silver_like_dusting, small_dents_in_nails
2035,Psoriasis, skin_rash, joint_pain, silver_like_dusting, small_dents_in_nails
2036,Psoriasis, skin_rash, joint_pain, skin_peeling, small_dents_in_nails
2037,Psoriasis, skin_rash, joint_pain, skin_peeling, silver_like_dusting
2038,Psoriasis, skin_rash, joint_pain, skin_peeling, silver_like_dusting
2039,Psoriasis, skin_rash, joint_pain, skin_peeling, silver_like_dusting
2040,Psoriasis, skin_rash, joint_pain, skin_peeling, silver_like_dusting
2041,Impetigo, skin_rash, high_fever, blister, red_sore_around_nose
2042,Impetigo, skin_rash, high_fever, blister, red_sore_around_nose
2043,Impetigo, high_fever, blister, red_sore_around_nose, yellow_crust_ooze
2044,Impetigo, skin_rash, blister, red_sore_around_nose, yellow_crust_ooze
2045,Impetigo, skin_rash, blister, red_sore_around_nose, yellow_crust_ooze
2046,Impetigo, skin_rash, high_fever, red_sore_around_nose, yellow_crust_ooze
2047,Impetigo, skin_rash, high_fever, blister, yellow_crust_ooze
2048,Impetigo, skin_rash, high_fever, blister, red_sore_around_nose
2049,Impetigo, skin_rash, high_fever, blister, red_sore_around_nose
2050,Impetigo, skin_rash, blister, red_sore_around_nose, yellow_crust_ooze
2051,Fungal infection,itching, skin_rash, nodal_skin_eruptions, dischromic _patches
2052,Fungal infection, skin_rash, nodal_skin_eruptions, dischromic _patches,0
2053,Fungal infection,itching, nodal_skin_eruptions, dischromic _patches,0
2054,Fungal infection,itching, skin_rash, dischromic _patches,0
2055,Fungal infection,itching, skin_rash, nodal_skin_eruptions,0
2056,Fungal infection, skin_rash, nodal_skin_eruptions, dischromic _patches,0
2057,Fungal infection,itching, nodal_skin_eruptions, dischromic _patches,0
2058,Fungal infection,itching, skin_rash, dischromic _patches,0
2059,Fungal infection,itching, skin_rash, nodal_skin_eruptions,0
2060,Fungal infection,itching, skin_rash, nodal_skin_eruptions, dischromic _patches
2061,Allergy, continuous_sneezing, shivering, chills, watering_from_eyes
2062,Allergy, shivering, chills, watering_from_eyes,0
2063,Allergy, continuous_sneezing, chills, watering_from_eyes,0
2064,Allergy, continuous_sneezing, shivering, watering_from_eyes,0
2065,Allergy, continuous_sneezing, shivering, chills,0
2066,Allergy, shivering, chills, watering_from_eyes,0
2067,Allergy, continuous_sneezing, chills, watering_from_eyes,0
2068,Allergy, continuous_sneezing, shivering, watering_from_eyes,0
2069,Allergy, continuous_sneezing, shivering, chills,0
2070,Allergy, continuous_sneezing, shivering, chills, watering_from_eyes
2071,GERD, stomach_pain, acidity, ulcers_on_tongue, vomiting
2072,GERD, stomach_pain, ulcers_on_tongue, vomiting, cough
2073,GERD, stomach_pain, acidity, vomiting, cough
2074,GERD, stomach_pain, acidity, ulcers_on_tongue, cough
2075,GERD, stomach_pain, acidity, ulcers_on_tongue, vomiting
2076,GERD, stomach_pain, acidity, ulcers_on_tongue, vomiting
2077,GERD, acidity, ulcers_on_tongue, vomiting, cough
2078,GERD, stomach_pain, ulcers_on_tongue, vomiting, cough
2079,GERD, stomach_pain, acidity, vomiting, cough
2080,GERD, stomach_pain, acidity, ulcers_on_tongue, cough
2081,Chronic cholestasis,itching, vomiting, yellowish_skin, nausea
2082,Chronic cholestasis, vomiting, yellowish_skin, nausea, loss_of_appetite
2083,Chronic cholestasis,itching, yellowish_skin, nausea, loss_of_appetite
2084,Chronic cholestasis,itching, vomiting, nausea, loss_of_appetite
2085,Chronic cholestasis,itching, vomiting, yellowish_skin, loss_of_appetite
2086,Chronic cholestasis,itching, vomiting, yellowish_skin, nausea
2087,Chronic cholestasis,itching, vomiting, yellowish_skin, nausea
2088,Chronic cholestasis,itching, vomiting, yellowish_skin, nausea
2089,Chronic cholestasis,itching, vomiting, yellowish_skin, nausea
2090,Chronic cholestasis,itching, vomiting, yellowish_skin, nausea
2091,Drug Reaction,itching, skin_rash, stomach_pain, burning_micturition
2092,Drug Reaction,itching, stomach_pain, burning_micturition, spotting_ urination
2093,Drug Reaction,itching, skin_rash, burning_micturition, spotting_ urination
2094,Drug Reaction,itching, skin_rash, stomach_pain, spotting_ urination
2095,Drug Reaction,itching, skin_rash, stomach_pain, burning_micturition
2096,Drug Reaction, skin_rash, stomach_pain, burning_micturition, spotting_ urination
2097,Drug Reaction,itching, stomach_pain, burning_micturition, spotting_ urination
2098,Drug Reaction,itching, skin_rash, burning_micturition, spotting_ urination
2099,Drug Reaction,itching, skin_rash, stomach_pain, spotting_ urination
2100,Drug Reaction,itching, skin_rash, stomach_pain, burning_micturition
2101,Peptic ulcer diseae, vomiting, loss_of_appetite, abdominal_pain, passage_of_gases
2102,Peptic ulcer diseae, vomiting, indigestion, abdominal_pain, passage_of_gases
2103,Peptic ulcer diseae, indigestion, loss_of_appetite, abdominal_pain, passage_of_gases
2104,Peptic ulcer diseae, vomiting, loss_of_appetite, abdominal_pain, passage_of_gases
2105,Peptic ulcer diseae, vomiting, indigestion, abdominal_pain, passage_of_gases
2106,Peptic ulcer diseae, vomiting, indigestion, loss_of_appetite, passage_of_gases
2107,Peptic ulcer diseae, vomiting, indigestion, loss_of_appetite, abdominal_pain
2108,Peptic ulcer diseae, vomiting, indigestion, loss_of_appetite, abdominal_pain
2109,Peptic ulcer diseae, vomiting, indigestion, loss_of_appetite, abdominal_pain
2110,Peptic ulcer diseae, vomiting, indigestion, loss_of_appetite, abdominal_pain
2111,AIDS, muscle_wasting, patches_in_throat, high_fever, extra_marital_contacts
2112,AIDS, patches_in_throat, high_fever, extra_marital_contacts,0
2113,AIDS, muscle_wasting, high_fever, extra_marital_contacts,0
2114,AIDS, muscle_wasting, patches_in_throat, extra_marital_contacts,0
2115,AIDS, muscle_wasting, patches_in_throat, high_fever,0
2116,AIDS, muscle_wasting, patches_in_throat, high_fever, extra_marital_contacts
2117,AIDS, muscle_wasting, patches_in_throat, high_fever, extra_marital_contacts
2118,AIDS, patches_in_throat, high_fever, extra_marital_contacts,0
2119,AIDS, muscle_wasting, high_fever, extra_marital_contacts,0
2120,AIDS, muscle_wasting, patches_in_throat, high_fever,0
2121,Diabetes , fatigue, weight_loss, restlessness, lethargy
2122,Diabetes , fatigue, weight_loss, restlessness, lethargy
2123,Diabetes , weight_loss, restlessness, lethargy, irregular_sugar_level
2124,Diabetes , fatigue, restlessness, lethargy, irregular_sugar_level
2125,Diabetes , fatigue, weight_loss, lethargy, irregular_sugar_level
2126,Diabetes , fatigue, weight_loss, restlessness, irregular_sugar_level
2127,Diabetes , fatigue, weight_loss, restlessness, lethargy
2128,Diabetes , fatigue, weight_loss, restlessness, lethargy
2129,Diabetes , fatigue, weight_loss, restlessness, lethargy
2130,Diabetes , fatigue, weight_loss, restlessness, lethargy
2131,Gastroenteritis, vomiting, sunken_eyes, dehydration, diarrhoea
2132,Gastroenteritis, vomiting, sunken_eyes, dehydration, diarrhoea
2133,Gastroenteritis, sunken_eyes, dehydration, diarrhoea,0
2134,Gastroenteritis, vomiting, dehydration, diarrhoea,0
2135,Gastroenteritis, vomiting, sunken_eyes, diarrhoea,0
2136,Gastroenteritis, vomiting, sunken_eyes, dehydration,0
2137,Gastroenteritis, vomiting, sunken_eyes, dehydration, diarrhoea
2138,Gastroenteritis, sunken_eyes, dehydration, diarrhoea,0
2139,Gastroenteritis, vomiting, dehydration, diarrhoea,0
2140,Gastroenteritis, vomiting, sunken_eyes, diarrhoea,0
2141,Bronchial Asthma, fatigue, cough, high_fever, breathlessness
2142,Bronchial Asthma, cough, high_fever, breathlessness, family_history
2143,Bronchial Asthma, fatigue, high_fever, breathlessness, family_history
2144,Bronchial Asthma, fatigue, cough, breathlessness, family_history
2145,Bronchial Asthma, fatigue, cough, high_fever, family_history
2146,Bronchial Asthma, fatigue, cough, high_fever, breathlessness
2147,Bronchial Asthma, fatigue, cough, high_fever, breathlessness
2148,Bronchial Asthma, fatigue, cough, high_fever, breathlessness
2149,Bronchial Asthma, cough, high_fever, breathlessness, family_history
2150,Bronchial Asthma, fatigue, high_fever, breathlessness, family_history
2151,Hypertension , headache, chest_pain, dizziness, loss_of_balance
2152,Hypertension , chest_pain, dizziness, loss_of_balance, lack_of_concentration
2153,Hypertension , headache, dizziness, loss_of_balance, lack_of_concentration
2154,Hypertension , headache, chest_pain, loss_of_balance, lack_of_concentration
2155,Hypertension , headache, chest_pain, dizziness, lack_of_concentration
2156,Hypertension , headache, chest_pain, dizziness, loss_of_balance
2157,Hypertension , headache, chest_pain, dizziness, loss_of_balance
2158,Hypertension , chest_pain, dizziness, loss_of_balance, lack_of_concentration
2159,Hypertension , headache, dizziness, loss_of_balance, lack_of_concentration
2160,Hypertension , headache, chest_pain, loss_of_balance, lack_of_concentration
2161,Migraine, acidity, indigestion, headache, blurred_and_distorted_vision
2162,Migraine, indigestion, headache, blurred_and_distorted_vision, excessive_hunger
2163,Migraine, acidity, headache, blurred_and_distorted_vision, excessive_hunger
2164,Migraine, acidity, indigestion, blurred_and_distorted_vision, excessive_hunger
2165,Migraine, acidity, indigestion, headache, excessive_hunger
2166,Migraine, acidity, indigestion, headache, blurred_and_distorted_vision
2167,Migraine, acidity, indigestion, headache, blurred_and_distorted_vision
2168,Migraine, acidity, indigestion, headache, blurred_and_distorted_vision
2169,Migraine, acidity, indigestion, headache, blurred_and_distorted_vision
2170,Migraine, acidity, indigestion, headache, blurred_and_distorted_vision
2171,Cervical spondylosis, back_pain, weakness_in_limbs, neck_pain, dizziness
2172,Cervical spondylosis, back_pain, weakness_in_limbs, neck_pain, dizziness
2173,Cervical spondylosis, weakness_in_limbs, neck_pain, dizziness, loss_of_balance
2174,Cervical spondylosis, back_pain, neck_pain, dizziness, loss_of_balance
2175,Cervical spondylosis, back_pain, weakness_in_limbs, dizziness, loss_of_balance
2176,Cervical spondylosis, back_pain, weakness_in_limbs, neck_pain, loss_of_balance
2177,Cervical spondylosis, back_pain, weakness_in_limbs, neck_pain, dizziness
2178,Cervical spondylosis, back_pain, weakness_in_limbs, neck_pain, dizziness
2179,Cervical spondylosis, weakness_in_limbs, neck_pain, dizziness, loss_of_balance
2180,Cervical spondylosis, back_pain, neck_pain, dizziness, loss_of_balance
2181,Paralysis (brain hemorrhage), vomiting, headache, weakness_of_one_body_side, altered_sensorium
2182,Paralysis (brain hemorrhage), vomiting, headache, weakness_of_one_body_side, altered_sensorium
2183,Paralysis (brain hemorrhage), headache, weakness_of_one_body_side, altered_sensorium,0
2184,Paralysis (brain hemorrhage), vomiting, weakness_of_one_body_side, altered_sensorium,0
2185,Paralysis (brain hemorrhage), vomiting, headache, altered_sensorium,0
2186,Paralysis (brain hemorrhage), vomiting, headache, weakness_of_one_body_side,0
2187,Paralysis (brain hemorrhage), vomiting, headache, weakness_of_one_body_side, altered_sensorium
2188,Paralysis (brain hemorrhage), headache, weakness_of_one_body_side, altered_sensorium,0
2189,Paralysis (brain hemorrhage), vomiting, weakness_of_one_body_side, altered_sensorium,0
2190,Paralysis (brain hemorrhage), vomiting, headache, altered_sensorium,0
2191,Jaundice,itching, vomiting, fatigue, weight_loss
2192,Jaundice,itching, vomiting, fatigue, weight_loss
2193,Jaundice, vomiting, fatigue, weight_loss, high_fever
2194,Jaundice,itching, fatigue, weight_loss, high_fever
2195,Jaundice,itching, vomiting, weight_loss, high_fever
2196,Jaundice,itching, vomiting, fatigue, high_fever
2197,Jaundice,itching, vomiting, fatigue, weight_loss
2198,Jaundice,itching, vomiting, fatigue, weight_loss
2199,Jaundice,itching, vomiting, fatigue, weight_loss
2200,Jaundice,itching, vomiting, fatigue, weight_loss
2201,Malaria, chills, vomiting, high_fever, sweating
2202,Malaria, chills, vomiting, high_fever, sweating
2203,Malaria, chills, vomiting, high_fever, sweating
2204,Malaria, vomiting, high_fever, sweating, headache
2205,Malaria, chills, high_fever, sweating, headache
2206,Malaria, chills, vomiting, sweating, headache
2207,Malaria, chills, vomiting, high_fever, headache
2208,Malaria, chills, vomiting, high_fever, sweating
2209,Malaria, chills, vomiting, high_fever, sweating
2210,Malaria, chills, vomiting, high_fever, sweating
2211,Chicken pox,itching, skin_rash, fatigue, lethargy
2212,Chicken pox, skin_rash, fatigue, lethargy, high_fever
2213,Chicken pox,itching, fatigue, lethargy, high_fever
2214,Chicken pox,itching, skin_rash, lethargy, high_fever
2215,Chicken pox,itching, skin_rash, fatigue, high_fever
2216,Chicken pox,itching, skin_rash, fatigue, lethargy
2217,Chicken pox,itching, skin_rash, fatigue, lethargy
2218,Chicken pox,itching, skin_rash, fatigue, lethargy
2219,Chicken pox,itching, skin_rash, fatigue, lethargy
2220,Chicken pox,itching, skin_rash, fatigue, lethargy
2221,Dengue, skin_rash, chills, joint_pain, vomiting
2222,Dengue, skin_rash, chills, joint_pain, vomiting
2223,Dengue, skin_rash, chills, joint_pain, vomiting
2224,Dengue, skin_rash, chills, joint_pain, vomiting
2225,Dengue, chills, joint_pain, vomiting, fatigue
2226,Dengue, skin_rash, joint_pain, vomiting, fatigue
2227,Dengue, skin_rash, chills, vomiting, fatigue
2228,Dengue, skin_rash, chills, joint_pain, fatigue
2229,Dengue, skin_rash, chills, joint_pain, vomiting
2230,Dengue, skin_rash, chills, joint_pain, vomiting
2231,Typhoid, chills, vomiting, fatigue, high_fever
2232,Typhoid, chills, vomiting, fatigue, high_fever
2233,Typhoid, chills, vomiting, fatigue, high_fever
2234,Typhoid, chills, vomiting, fatigue, high_fever
2235,Typhoid, chills, vomiting, fatigue, high_fever
2236,Typhoid, chills, vomiting, fatigue, high_fever
2237,Typhoid, chills, vomiting, fatigue, high_fever
2238,Typhoid, chills, vomiting, fatigue, high_fever
2239,Typhoid, chills, vomiting, fatigue, high_fever
2240,Typhoid, chills, fatigue, high_fever, headache
2241,hepatitis A, joint_pain, vomiting, yellowish_skin, dark_urine
2242,hepatitis A, joint_pain, vomiting, yellowish_skin, dark_urine
2243,hepatitis A, vomiting, yellowish_skin, dark_urine, nausea
2244,hepatitis A, joint_pain, yellowish_skin, dark_urine, nausea
2245,hepatitis A, joint_pain, vomiting, dark_urine, nausea
2246,hepatitis A, joint_pain, vomiting, yellowish_skin, nausea
2247,hepatitis A, joint_pain, vomiting, yellowish_skin, dark_urine
2248,hepatitis A, joint_pain, vomiting, yellowish_skin, dark_urine
2249,hepatitis A, joint_pain, vomiting, yellowish_skin, dark_urine
2250,hepatitis A, joint_pain, vomiting, yellowish_skin, dark_urine
2251,Hepatitis B,itching, fatigue, lethargy, yellowish_skin
2252,Hepatitis B,itching, fatigue, lethargy, yellowish_skin
2253,Hepatitis B, fatigue, lethargy, yellowish_skin, dark_urine
2254,Hepatitis B,itching, lethargy, yellowish_skin, dark_urine
2255,Hepatitis B,itching, fatigue, yellowish_skin, dark_urine
2256,Hepatitis B,itching, fatigue, lethargy, dark_urine
2257,Hepatitis B,itching, fatigue, lethargy, yellowish_skin
2258,Hepatitis B,itching, fatigue, lethargy, yellowish_skin
2259,Hepatitis B,itching, fatigue, lethargy, yellowish_skin
2260,Hepatitis B,itching, fatigue, lethargy, yellowish_skin
2261,Hepatitis C, fatigue, yellowish_skin, nausea, loss_of_appetite
2262,Hepatitis C, fatigue, yellowish_skin, nausea, loss_of_appetite
2263,Hepatitis C, yellowish_skin, nausea, loss_of_appetite, yellowing_of_eyes
2264,Hepatitis C, fatigue, nausea, loss_of_appetite, yellowing_of_eyes
2265,Hepatitis C, fatigue, yellowish_skin, loss_of_appetite, yellowing_of_eyes
2266,Hepatitis C, fatigue, yellowish_skin, nausea, yellowing_of_eyes
2267,Hepatitis C, fatigue, yellowish_skin, nausea, loss_of_appetite
2268,Hepatitis C, fatigue, yellowish_skin, nausea, loss_of_appetite
2269,Hepatitis C, fatigue, yellowish_skin, nausea, loss_of_appetite
2270,Hepatitis C, fatigue, yellowish_skin, nausea, loss_of_appetite
2271,Hepatitis D, joint_pain, vomiting, fatigue, yellowish_skin
2272,Hepatitis D, vomiting, fatigue, yellowish_skin, dark_urine
2273,Hepatitis D, joint_pain, fatigue, yellowish_skin, dark_urine
2274,Hepatitis D, joint_pain, vomiting, yellowish_skin, dark_urine
2275,Hepatitis D, joint_pain, vomiting, fatigue, dark_urine
2276,Hepatitis D, joint_pain, vomiting, fatigue, yellowish_skin
2277,Hepatitis D, joint_pain, vomiting, fatigue, yellowish_skin
2278,Hepatitis D, joint_pain, vomiting, fatigue, yellowish_skin
2279,Hepatitis D, joint_pain, vomiting, fatigue, yellowish_skin
2280,Hepatitis D, joint_pain, vomiting, fatigue, yellowish_skin
2281,Hepatitis E, joint_pain, vomiting, fatigue, high_fever
2282,Hepatitis E, joint_pain, vomiting, fatigue, high_fever
2283,Hepatitis E, joint_pain, vomiting, fatigue, high_fever
2284,Hepatitis E, vomiting, fatigue, high_fever, yellowish_skin
2285,Hepatitis E, joint_pain, fatigue, high_fever, yellowish_skin
2286,Hepatitis E, joint_pain, vomiting, high_fever, yellowish_skin
2287,Hepatitis E, joint_pain, vomiting, fatigue, yellowish_skin
2288,Hepatitis E, joint_pain, vomiting, fatigue, high_fever
2289,Hepatitis E, joint_pain, vomiting, fatigue, high_fever
2290,Hepatitis E, joint_pain, vomiting, fatigue, high_fever
2291,Alcoholic hepatitis, vomiting, yellowish_skin, abdominal_pain, swelling_of_stomach
2292,Alcoholic hepatitis, vomiting, yellowish_skin, abdominal_pain, swelling_of_stomach
2293,Alcoholic hepatitis, yellowish_skin, abdominal_pain, swelling_of_stomach, distention_of_abdomen
2294,Alcoholic hepatitis, vomiting, abdominal_pain, swelling_of_stomach, distention_of_abdomen
2295,Alcoholic hepatitis, vomiting, yellowish_skin, swelling_of_stomach, distention_of_abdomen
2296,Alcoholic hepatitis, vomiting, yellowish_skin, abdominal_pain, distention_of_abdomen
2297,Alcoholic hepatitis, vomiting, yellowish_skin, abdominal_pain, swelling_of_stomach
2298,Alcoholic hepatitis, vomiting, yellowish_skin, abdominal_pain, swelling_of_stomach
2299,Alcoholic hepatitis, vomiting, yellowish_skin, abdominal_pain, swelling_of_stomach
2300,Alcoholic hepatitis, vomiting, yellowish_skin, abdominal_pain, swelling_of_stomach
2301,Tuberculosis, chills, vomiting, fatigue, weight_loss
2302,Tuberculosis, chills, vomiting, fatigue, weight_loss
2303,Tuberculosis, vomiting, fatigue, weight_loss, cough
2304,Tuberculosis, chills, fatigue, weight_loss, cough
2305,Tuberculosis, chills, vomiting, weight_loss, cough
2306,Tuberculosis, chills, vomiting, fatigue, cough
2307,Tuberculosis, chills, vomiting, fatigue, weight_loss
2308,Tuberculosis, chills, vomiting, fatigue, weight_loss
2309,Tuberculosis, chills, vomiting, fatigue, weight_loss
2310,Tuberculosis, chills, vomiting, fatigue, weight_loss
2311,Common Cold, continuous_sneezing, chills, fatigue, cough
2312,Common Cold, continuous_sneezing, chills, fatigue, cough
2313,Common Cold, chills, fatigue, cough, high_fever
2314,Common Cold, continuous_sneezing, fatigue, cough, high_fever
2315,Common Cold, continuous_sneezing, chills, cough, high_fever
2316,Common Cold, continuous_sneezing, chills, fatigue, high_fever
2317,Common Cold, continuous_sneezing, chills, fatigue, cough
2318,Common Cold, continuous_sneezing, chills, fatigue, cough
2319,Common Cold, continuous_sneezing, chills, fatigue, cough
2320,Common Cold, continuous_sneezing, chills, fatigue, cough
2321,Pneumonia, chills, fatigue, cough, high_fever
2322,Pneumonia, chills, fatigue, cough, high_fever
2323,Pneumonia, chills, fatigue, cough, high_fever
2324,Pneumonia, fatigue, cough, high_fever, breathlessness
2325,Pneumonia, chills, cough, high_fever, breathlessness
2326,Pneumonia, chills, fatigue, high_fever, breathlessness
2327,Pneumonia, chills, fatigue, cough, breathlessness
2328,Pneumonia, chills, fatigue, cough, high_fever
2329,Pneumonia, chills, fatigue, cough, high_fever
2330,Pneumonia, chills, fatigue, cough, high_fever
2331,Dimorphic hemmorhoids(piles), constipation, pain_during_bowel_movements, pain_in_anal_region, bloody_stool
2332,Dimorphic hemmorhoids(piles), constipation, pain_during_bowel_movements, pain_in_anal_region, bloody_stool
2333,Dimorphic hemmorhoids(piles), constipation, pain_during_bowel_movements, pain_in_anal_region, bloody_stool
2334,Dimorphic hemmorhoids(piles), pain_during_bowel_movements, pain_in_anal_region, bloody_stool, irritation_in_anus
2335,Dimorphic hemmorhoids(piles), constipation, pain_in_anal_region, bloody_stool, irritation_in_anus
2336,Dimorphic hemmorhoids(piles), constipation, pain_during_bowel_movements, bloody_stool, irritation_in_anus
2337,Dimorphic hemmorhoids(piles), constipation, pain_during_bowel_movements, pain_in_anal_region, irritation_in_anus
2338,Dimorphic hemmorhoids(piles), constipation, pain_during_bowel_movements, pain_in_anal_region, bloody_stool
2339,Dimorphic hemmorhoids(piles), constipation, pain_during_bowel_movements, pain_in_anal_region, bloody_stool
2340,Dimorphic hemmorhoids(piles), constipation, pain_during_bowel_movements, pain_in_anal_region, bloody_stool
2341,Heart attack, vomiting, breathlessness, sweating, chest_pain
2342,Heart attack, vomiting, breathlessness, sweating, chest_pain
2343,Heart attack, breathlessness, sweating, chest_pain,0
2344,Heart attack, vomiting, sweating, chest_pain,0
2345,Heart attack, vomiting, breathlessness, chest_pain,0
2346,Heart attack, vomiting, breathlessness, sweating,0
2347,Heart attack, vomiting, breathlessness, sweating, chest_pain
2348,Heart attack, breathlessness, sweating, chest_pain,0
2349,Heart attack, vomiting, sweating, chest_pain,0
2350,Heart attack, vomiting, breathlessness, chest_pain,0
2351,Varicose veins, fatigue, cramps, bruising, obesity
2352,Varicose veins, fatigue, cramps, bruising, obesity
2353,Varicose veins, cramps, bruising, obesity, swollen_legs
2354,Varicose veins, fatigue, bruising, obesity, swollen_legs
2355,Varicose veins, fatigue, cramps, obesity, swollen_legs
2356,Varicose veins, fatigue, cramps, bruising, swollen_legs
2357,Varicose veins, fatigue, cramps, bruising, obesity
2358,Varicose veins, fatigue, cramps, bruising, obesity
2359,Varicose veins, fatigue, cramps, bruising, obesity
2360,Varicose veins, fatigue, cramps, bruising, obesity
2361,Hypothyroidism, fatigue, weight_gain, cold_hands_and_feets, mood_swings
2362,Hypothyroidism, fatigue, weight_gain, cold_hands_and_feets, mood_swings
2363,Hypothyroidism, weight_gain, cold_hands_and_feets, mood_swings, lethargy
2364,Hypothyroidism, weight_gain, cold_hands_and_feets, mood_swings, lethargy
2365,Hypothyroidism, fatigue, cold_hands_and_feets, mood_swings, lethargy
2366,Hypothyroidism, fatigue, weight_gain, mood_swings, lethargy
2367,Hypothyroidism, fatigue, weight_gain, cold_hands_and_feets, lethargy
2368,Hypothyroidism, fatigue, weight_gain, cold_hands_and_feets, mood_swings
2369,Hypothyroidism, fatigue, weight_gain, cold_hands_and_feets, mood_swings
2370,Hypothyroidism, fatigue, weight_gain, cold_hands_and_feets, mood_swings
2371,Hyperthyroidism, fatigue, mood_swings, weight_loss, restlessness
2372,Hyperthyroidism, fatigue, mood_swings, weight_loss, restlessness
2373,Hyperthyroidism, mood_swings, weight_loss, restlessness, sweating
2374,Hyperthyroidism, fatigue, weight_loss, restlessness, sweating
2375,Hyperthyroidism, fatigue, mood_swings, restlessness, sweating
2376,Hyperthyroidism, fatigue, mood_swings, weight_loss, sweating
2377,Hyperthyroidism, fatigue, mood_swings, weight_loss, restlessness
2378,Hyperthyroidism, fatigue, mood_swings, weight_loss, restlessness
2379,Hyperthyroidism, fatigue, mood_swings, weight_loss, restlessness
2380,Hyperthyroidism, fatigue, mood_swings, weight_loss, restlessness
2381,Hypoglycemia, vomiting, fatigue, anxiety, sweating
2382,Hypoglycemia, vomiting, fatigue, anxiety, sweating
2383,Hypoglycemia, vomiting, fatigue, anxiety, sweating
2384,Hypoglycemia, fatigue, anxiety, sweating, headache
2385,Hypoglycemia, vomiting, anxiety, sweating, headache
2386,Hypoglycemia, vomiting, fatigue, sweating, headache
2387,Hypoglycemia, vomiting, fatigue, anxiety, headache
2388,Hypoglycemia, vomiting, fatigue, anxiety, sweating
2389,Hypoglycemia, vomiting, fatigue, anxiety, sweating
2390,Hypoglycemia, vomiting, fatigue, anxiety, sweating
2391,Osteoarthristis, joint_pain, neck_pain, knee_pain, hip_joint_pain
2392,Osteoarthristis, joint_pain, neck_pain, knee_pain, hip_joint_pain
2393,Osteoarthristis, neck_pain, knee_pain, hip_joint_pain, swelling_joints
2394,Osteoarthristis, joint_pain, knee_pain, hip_joint_pain, swelling_joints
2395,Osteoarthristis, joint_pain, neck_pain, hip_joint_pain, swelling_joints
2396,Osteoarthristis, joint_pain, neck_pain, knee_pain, swelling_joints
2397,Osteoarthristis, joint_pain, neck_pain, knee_pain, hip_joint_pain
2398,Osteoarthristis, joint_pain, neck_pain, knee_pain, hip_joint_pain
2399,Osteoarthristis, joint_pain, neck_pain, knee_pain, hip_joint_pain
2400,Osteoarthristis, joint_pain, neck_pain, knee_pain, hip_joint_pain
2401,Arthritis, muscle_weakness, stiff_neck, swelling_joints, movement_stiffness
2402,Arthritis, muscle_weakness, stiff_neck, swelling_joints, movement_stiffness
2403,Arthritis, stiff_neck, swelling_joints, movement_stiffness, painful_walking
2404,Arthritis, muscle_weakness, swelling_joints, movement_stiffness, painful_walking
2405,Arthritis, muscle_weakness, stiff_neck, movement_stiffness, painful_walking
2406,Arthritis, muscle_weakness, stiff_neck, swelling_joints, painful_walking
2407,Arthritis, muscle_weakness, stiff_neck, swelling_joints, movement_stiffness
2408,Arthritis, muscle_weakness, stiff_neck, swelling_joints, movement_stiffness
2409,Arthritis, muscle_weakness, stiff_neck, swelling_joints, movement_stiffness
2410,Arthritis, muscle_weakness, stiff_neck, swelling_joints, movement_stiffness
2411,(vertigo) Paroymsal  Positional Vertigo, vomiting, headache, nausea, spinning_movements
2412,(vertigo) Paroymsal  Positional Vertigo, vomiting, headache, nausea, spinning_movements
2413,(vertigo) Paroymsal  Positional Vertigo, headache, nausea, spinning_movements, loss_of_balance
2414,(vertigo) Paroymsal  Positional Vertigo, vomiting, nausea, spinning_movements, loss_of_balance
2415,(vertigo) Paroymsal  Positional Vertigo, vomiting, headache, spinning_movements, loss_of_balance
2416,(vertigo) Paroymsal  Positional Vertigo, vomiting, headache, nausea, loss_of_balance
2417,(vertigo) Paroymsal  Positional Vertigo, vomiting, headache, nausea, spinning_movements
2418,(vertigo) Paroymsal  Positional Vertigo, vomiting, headache, nausea, spinning_movements
2419,(vertigo) Paroymsal  Positional Vertigo, vomiting, headache, nausea, spinning_movements
2420,(vertigo) Paroymsal  Positional Vertigo, vomiting, headache, nausea, loss_of_balance
2421,Acne, skin_rash, pus_filled_pimples, blackheads, scurring
2422,Acne, skin_rash, pus_filled_pimples, blackheads, scurring
2423,Acne, pus_filled_pimples, blackheads, scurring,0
2424,Acne, skin_rash, blackheads, scurring,0
2425,Acne, skin_rash, pus_filled_pimples, scurring,0
2426,Acne, skin_rash, pus_filled_pimples, blackheads,0
2427,Acne, skin_rash, pus_filled_pimples, blackheads, scurring
2428,Acne, skin_rash, pus_filled_pimples, blackheads,0
2429,Acne, skin_rash, pus_filled_pimples, scurring,0
2430,Acne, skin_rash, blackheads, scurring,0
2431,Urinary tract infection, burning_micturition, bladder_discomfort, foul_smell_of urine, continuous_feel_of_urine
2432,Urinary tract infection, burning_micturition, bladder_discomfort, foul_smell_of urine, continuous_feel_of_urine
2433,Urinary tract infection, bladder_discomfort, foul_smell_of urine, continuous_feel_of_urine,0
2434,Urinary tract infection, burning_micturition, foul_smell_of urine, continuous_feel_of_urine,0
2435,Urinary tract infection, burning_micturition, bladder_discomfort, continuous_feel_of_urine,0
2436,Urinary tract infection, burning_micturition, bladder_discomfort, foul_smell_of urine,0
2437,Urinary tract infection, burning_micturition, bladder_discomfort, foul_smell_of urine, continuous_feel_of_urine
2438,Urinary tract infection, burning_micturition, bladder_discomfort, continuous_feel_of_urine,0
2439,Urinary tract infection, bladder_discomfort, foul_smell_of urine, continuous_feel_of_urine,0
2440,Urinary tract infection, burning_micturition, bladder_discomfort, continuous_feel_of_urine,0
2441,Psoriasis, skin_rash, joint_pain, skin_peeling, silver_like_dusting
2442,Psoriasis, skin_rash, joint_pain, skin_peeling, silver_like_dusting
2443,Psoriasis, joint_pain, skin_peeling, silver_like_dusting, small_dents_in_nails
2444,Psoriasis, skin_rash, skin_peeling, silver_like_dusting, small_dents_in_nails
2445,Psoriasis, skin_rash, joint_pain, silver_like_dusting, small_dents_in_nails
2446,Psoriasis, skin_rash, joint_pain, skin_peeling, small_dents_in_nails
2447,Psoriasis, skin_rash, joint_pain, skin_peeling, silver_like_dusting
2448,Psoriasis, skin_rash, joint_pain, skin_peeling, silver_like_dusting
2449,Psoriasis, skin_rash, joint_pain, skin_peeling, silver_like_dusting
2450,Psoriasis, skin_rash, joint_pain, skin_peeling, silver_like_dusting
2451,Impetigo, skin_rash, high_fever, blister, red_sore_around_nose
2452,Impetigo, skin_rash, high_fever, blister, red_sore_around_nose
2453,Impetigo, high_fever, blister, red_sore_around_nose, yellow_crust_ooze
2454,Impetigo, skin_rash, blister, red_sore_around_nose, yellow_crust_ooze
2455,Impetigo, skin_rash, blister, red_sore_around_nose, yellow_crust_ooze
2456,Impetigo, skin_rash, high_fever, red_sore_around_nose, yellow_crust_ooze
2457,Impetigo, skin_rash, high_fever, blister, yellow_crust_ooze
2458,Impetigo, skin_rash, high_fever, blister, red_sore_around_nose
2459,Impetigo, skin_rash, high_fever, blister, red_sore_around_nose
2460,Impetigo, skin_rash, blister, red_sore_around_nose, yellow_crust_ooze
2461,Fungal infection,itching, skin_rash, nodal_skin_eruptions, dischromic _patches
2462,Allergy, continuous_sneezing, shivering, chills, watering_from_eyes
2463,GERD, stomach_pain, acidity, ulcers_on_tongue, vomiting
2464,Chronic cholestasis,itching, vomiting, yellowish_skin, nausea
2465,Drug Reaction,itching, skin_rash, stomach_pain, burning_micturition
2466,Peptic ulcer diseae, vomiting, indigestion, loss_of_appetite, abdominal_pain
2467,AIDS, muscle_wasting, patches_in_throat, high_fever, extra_marital_contacts
2468,Diabetes , fatigue, weight_loss, restlessness, lethargy
2469,Gastroenteritis, vomiting, sunken_eyes, dehydration, diarrhoea
2470,Bronchial Asthma, fatigue, cough, high_fever, breathlessness
2471,Hypertension , headache, chest_pain, dizziness, loss_of_balance
2472,Migraine, acidity, indigestion, headache, blurred_and_distorted_vision
2473,Cervical spondylosis, back_pain, weakness_in_limbs, neck_pain, dizziness
2474,Paralysis (brain hemorrhage), vomiting, headache, weakness_of_one_body_side, altered_sensorium
2475,Jaundice,itching, vomiting, fatigue, weight_loss
2476,Malaria, chills, vomiting, high_fever, sweating
2477,Chicken pox,itching, skin_rash, fatigue, lethargy
2478,Dengue, skin_rash, chills, joint_pain, vomiting
2479,Typhoid, chills, vomiting, fatigue, high_fever
2480,hepatitis A, joint_pain, vomiting, yellowish_skin, dark_urine
2481,Hepatitis B,itching, fatigue, lethargy, yellowish_skin
2482,Hepatitis C, fatigue, yellowish_skin, nausea, loss_of_appetite
2483,Hepatitis D, joint_pain, vomiting, fatigue, yellowish_skin
2484,Hepatitis E, joint_pain, vomiting, fatigue, high_fever
2485,Alcoholic hepatitis, vomiting, yellowish_skin, abdominal_pain, swelling_of_stomach
2486,Tuberculosis, chills, vomiting, fatigue, weight_loss
2487,Common Cold, continuous_sneezing, chills, fatigue, cough
2488,Pneumonia, chills, fatigue, cough, high_fever
2489,Dimorphic hemmorhoids(piles), constipation, pain_during_bowel_movements, pain_in_anal_region, bloody_stool
2490,Heart attack, vomiting, breathlessness, sweating, chest_pain
2491,Varicose veins, fatigue, cramps, bruising, obesity
2492,Hypothyroidism, fatigue, weight_gain, cold_hands_and_feets, mood_swings
2493,Hyperthyroidism, fatigue, mood_swings, weight_loss, restlessness
2494,Hypoglycemia, vomiting, fatigue, anxiety, sweating
2495,Osteoarthristis, joint_pain, neck_pain, knee_pain, hip_joint_pain
2496,Arthritis, muscle_weakness, stiff_neck, swelling_joints, movement_stiffness
2497,(vertigo) Paroymsal  Positional Vertigo, vomiting, headache, nausea, spinning_movements
2498,Acne, skin_rash, pus_filled_pimples, blackheads, scurring
2499,Urinary tract infection, burning_micturition, bladder_discomfort, foul_smell_of urine, continuous_feel_of_urine
2500,Psoriasis, skin_rash, joint_pain, skin_peeling, silver_like_dusting
2501,Impetigo, skin_rash, high_fever, blister, red_sore_around_nose
2502,Fungal infection,itching, skin_rash, nodal_skin_eruptions, dischromic _patches
2503,Allergy, continuous_sneezing, shivering, chills, watering_from_eyes
2504,GERD, stomach_pain, acidity, ulcers_on_tongue, vomiting
2505,Chronic cholestasis,itching, vomiting, yellowish_skin, nausea
2506,Drug Reaction,itching, skin_rash, stomach_pain, burning_micturition
2507,Peptic ulcer diseae, vomiting, indigestion, loss_of_appetite, abdominal_pain
2508,AIDS, muscle_wasting, patches_in_throat, high_fever, extra_marital_contacts
2509,Diabetes , fatigue, weight_loss, restlessness, lethargy
2510,Gastroenteritis, vomiting, sunken_eyes, dehydration, diarrhoea
2511,Bronchial Asthma, fatigue, cough, high_fever, breathlessness
2512,Hypertension , headache, chest_pain, dizziness, loss_of_balance
2513,Migraine, acidity, indigestion, headache, blurred_and_distorted_vision
2514,Cervical spondylosis, back_pain, weakness_in_limbs, neck_pain, dizziness
2515,Paralysis (brain hemorrhage), vomiting, headache, weakness_of_one_body_side, altered_sensorium
2516,Jaundice,itching, vomiting, fatigue, weight_loss
2517,Malaria, chills, vomiting, high_fever, sweating
2518,Chicken pox,itching, skin_rash, fatigue, lethargy
2519,Dengue, skin_rash, chills, joint_pain, vomiting
2520,Typhoid, chills, vomiting, fatigue, high_fever
2521,hepatitis A, joint_pain, vomiting, yellowish_skin, dark_urine
2522,Hepatitis B,itching, fatigue, lethargy, yellowish_skin
2523,Hepatitis C, fatigue, yellowish_skin, nausea, loss_of_appetite
2524,Hepatitis D, joint_pain, vomiting, fatigue, yellowish_skin
2525,Hepatitis E, joint_pain, vomiting, fatigue, high_fever
2526,Alcoholic hepatitis, vomiting, yellowish_skin, abdominal_pain, swelling_of_stomach
2527,Tuberculosis, chills, vomiting, fatigue, weight_loss
2528,Common Cold, continuous_sneezing, chills, fatigue, cough
2529,Pneumonia, chills, fatigue, cough, high_fever
2530,Dimorphic hemmorhoids(piles), constipation, pain_during_bowel_movements, pain_in_anal_region, bloody_stool
2531,Heart attack, vomiting, breathlessness, sweating, chest_pain
2532,Varicose veins, fatigue, cramps, bruising, obesity
2533,Hypothyroidism, fatigue, weight_gain, cold_hands_and_feets, mood_swings
2534,Hyperthyroidism, fatigue, mood_swings, weight_loss, restlessness
2535,Hypoglycemia, vomiting, fatigue, anxiety, sweating
2536,Osteoarthristis, joint_pain, neck_pain, knee_pain, hip_joint_pain
2537,Arthritis, muscle_weakness, stiff_neck, swelling_joints, movement_stiffness
2538,(vertigo) Paroymsal  Positional Vertigo, vomiting, headache, nausea, spinning_movements
2539,Acne, skin_rash, pus_filled_pimples, blackheads, scurring
2540,Urinary tract infection, burning_micturition, bladder_discomfort, foul_smell_of urine, continuous_feel_of_urine
2541,Psoriasis, skin_rash, joint_pain, skin_peeling, silver_like_dusting
2542,Impetigo, skin_rash, high_fever, blister, red_sore_around_nose
2543,Fungal infection,itching, skin_rash, nodal_skin_eruptions, dischromic _patches
2544,Allergy, continuous_sneezing, shivering, chills, watering_from_eyes
2545,GERD, stomach_pain, acidity, ulcers_on_tongue, vomiting
2546,Chronic cholestasis,itching, vomiting, yellowish_skin, nausea
2547,Drug Reaction,itching, skin_rash, stomach_pain, burning_micturition
2548,Peptic ulcer diseae, vomiting, indigestion, loss_of_appetite, abdominal_pain
2549,AIDS, muscle_wasting, patches_in_throat, high_fever, extra_marital_contacts
2550,Diabetes , fatigue, weight_loss, restlessness, lethargy
2551,Gastroenteritis, vomiting, sunken_eyes, dehydration, diarrhoea
2552,Bronchial Asthma, fatigue, cough, high_fever, breathlessness
2553,Hypertension , headache, chest_pain, dizziness, loss_of_balance
2554,Migraine, acidity, indigestion, headache, blurred_and_distorted_vision
2555,Cervical spondylosis, back_pain, weakness_in_limbs, neck_pain, dizziness
2556,Paralysis (brain hemorrhage), vomiting, headache, weakness_of_one_body_side, altered_sensorium
2557,Jaundice,itching, vomiting, fatigue, weight_loss
2558,Malaria, chills, vomiting, high_fever, sweating
2559,Chicken pox,itching, skin_rash, fatigue, lethargy
2560,Dengue, skin_rash, chills, joint_pain, vomiting
2561,Typhoid, chills, vomiting, fatigue, high_fever
2562,hepatitis A, joint_pain, vomiting, yellowish_skin, dark_urine
2563,Hepatitis B,itching, fatigue, lethargy, yellowish_skin
2564,Hepatitis C, fatigue, yellowish_skin, nausea, loss_of_appetite
2565,Hepatitis D, joint_pain, vomiting, fatigue, yellowish_skin
2566,Hepatitis E, joint_pain, vomiting, fatigue, high_fever
2567,Alcoholic hepatitis, vomiting, yellowish_skin, abdominal_pain, swelling_of_stomach
2568,Tuberculosis, chills, vomiting, fatigue, weight_loss
2569,Common Cold, continuous_sneezing, chills, fatigue, cough
2570,Pneumonia, chills, fatigue, cough, high_fever
2571,Dimorphic hemmorhoids(piles), constipation, pain_during_bowel_movements, pain_in_anal_region, bloody_stool
2572,Heart attack, vomiting, breathlessness, sweating, chest_pain
2573,Varicose veins, fatigue, cramps, bruising, obesity
2574,Hypothyroidism, fatigue, weight_gain, cold_hands_and_feets, mood_swings
2575,Hyperthyroidism, fatigue, mood_swings, weight_loss, restlessness
2576,Hypoglycemia, vomiting, fatigue, anxiety, sweating
2577,Osteoarthristis, joint_pain, neck_pain, knee_pain, hip_joint_pain
2578,Arthritis, muscle_weakness, stiff_neck, swelling_joints, movement_stiffness
2579,(vertigo) Paroymsal  Positional Vertigo, vomiting, headache, nausea, spinning_movements
2580,Acne, skin_rash, pus_filled_pimples, blackheads, scurring
2581,Urinary tract infection, burning_micturition, bladder_discomfort, foul_smell_of urine, continuous_feel_of_urine
2582,Psoriasis, skin_rash, joint_pain, skin_peeling, silver_like_dusting
2583,Impetigo, skin_rash, high_fever, blister, red_sore_around_nose
2584,Fungal infection,itching, skin_rash, nodal_skin_eruptions, dischromic _patches
2585,Allergy, continuous_sneezing, shivering, chills, watering_from_eyes
2586,GERD, stomach_pain, acidity, ulcers_on_tongue, vomiting
2587,Chronic cholestasis,itching, vomiting, yellowish_skin, nausea
2588,Drug Reaction,itching, skin_rash, stomach_pain, burning_micturition
2589,Peptic ulcer diseae, vomiting, indigestion, loss_of_appetite, abdominal_pain
2590,AIDS, muscle_wasting, patches_in_throat, high_fever, extra_marital_contacts
2591,Diabetes , fatigue, weight_loss, restlessness, lethargy
2592,Gastroenteritis, vomiting, sunken_eyes, dehydration, diarrhoea
2593,Bronchial Asthma, fatigue, cough, high_fever, breathlessness
2594,Hypertension , headache, chest_pain, dizziness, loss_of_balance
2595,Migraine, acidity, indigestion, headache, blurred_and_distorted_vision
2596,Cervical spondylosis, back_pain, weakness_in_limbs, neck_pain, dizziness
2597,Paralysis (brain hemorrhage), vomiting, headache, weakness_of_one_body_side, altered_sensorium
2598,Jaundice,itching, vomiting, fatigue, weight_loss
2599,Malaria, chills, vomiting, high_fever, sweating
2600,Chicken pox,itching, skin_rash, fatigue, lethargy
2601,Dengue, skin_rash, chills, joint_pain, vomiting
2602,Typhoid, chills, vomiting, fatigue, high_fever
2603,hepatitis A, joint_pain, vomiting, yellowish_skin, dark_urine
2604,Hepatitis B,itching, fatigue, lethargy, yellowish_skin
2605,Hepatitis C, fatigue, yellowish_skin, nausea, loss_of_appetite
2606,Hepatitis D, joint_pain, vomiting, fatigue, yellowish_skin
2607,Hepatitis E, joint_pain, vomiting, fatigue, high_fever
2608,Alcoholic hepatitis, vomiting, yellowish_skin, abdominal_pain, swelling_of_stomach
2609,Tuberculosis, chills, vomiting, fatigue, weight_loss
2610,Common Cold, continuous_sneezing, chills, fatigue, cough
2611,Pneumonia, chills, fatigue, cough, high_fever
2612,Dimorphic hemmorhoids(piles), constipation, pain_during_bowel_movements, pain_in_anal_region, bloody_stool
2613,Heart attack, vomiting, breathlessness, sweating, chest_pain
2614,Varicose veins, fatigue, cramps, bruising, obesity
2615,Hypothyroidism, fatigue, weight_gain, cold_hands_and_feets, mood_swings
2616,Hyperthyroidism, fatigue, mood_swings, weight_loss, restlessness
2617,Hypoglycemia, vomiting, fatigue, anxiety, sweating
2618,Osteoarthristis, joint_pain, neck_pain, knee_pain, hip_joint_pain
2619,Arthritis, muscle_weakness, stiff_neck, swelling_joints, movement_stiffness
2620,(vertigo) Paroymsal  Positional Vertigo, vomiting, headache, nausea, spinning_movements
2621,Acne, skin_rash, pus_filled_pimples, blackheads, scurring
2622,Urinary tract infection, burning_micturition, bladder_discomfort, foul_smell_of urine, continuous_feel_of_urine
2623,Psoriasis, skin_rash, joint_pain, skin_peeling, silver_like_dusting
2624,Impetigo, skin_rash, high_fever, blister, red_sore_around_nose
2625,Fungal infection,itching, skin_rash, nodal_skin_eruptions, dischromic _patches
2626,Allergy, continuous_sneezing, shivering, chills, watering_from_eyes
2627,GERD, stomach_pain, acidity, ulcers_on_tongue, vomiting
2628,Chronic cholestasis,itching, vomiting, yellowish_skin, nausea
2629,Drug Reaction,itching, skin_rash, stomach_pain, burning_micturition
2630,Peptic ulcer diseae, vomiting, indigestion, loss_of_appetite, abdominal_pain
2631,AIDS, muscle_wasting, patches_in_throat, high_fever, extra_marital_contacts
2632,Diabetes , fatigue, weight_loss, restlessness, lethargy
2633,Gastroenteritis, vomiting, sunken_eyes, dehydration, diarrhoea
2634,Bronchial Asthma, fatigue, cough, high_fever, breathlessness
2635,Hypertension , headache, chest_pain, dizziness, loss_of_balance
2636,Migraine, acidity, indigestion, headache, blurred_and_distorted_vision
2637,Cervical spondylosis, back_pain, weakness_in_limbs, neck_pain, dizziness
2638,Paralysis (brain hemorrhage), vomiting, headache, weakness_of_one_body_side, altered_sensorium
2639,Jaundice,itching, vomiting, fatigue, weight_loss
2640,Malaria, chills, vomiting, high_fever, sweating
2641,Chicken pox,itching, skin_rash, fatigue, lethargy
2642,Dengue, skin_rash, chills, joint_pain, vomiting
2643,Typhoid, chills, vomiting, fatigue, high_fever
2644,hepatitis A, joint_pain, vomiting, yellowish_skin, dark_urine
2645,Hepatitis B,itching, fatigue, lethargy, yellowish_skin
2646,Hepatitis C, fatigue, yellowish_skin, nausea, loss_of_appetite
2647,Hepatitis D, joint_pain, vomiting, fatigue, yellowish_skin
2648,Hepatitis E, joint_pain, vomiting, fatigue, high_fever
2649,Alcoholic hepatitis, vomiting, yellowish_skin, abdominal_pain, swelling_of_stomach
2650,Tuberculosis, chills, vomiting, fatigue, weight_loss
2651,Common Cold, continuous_sneezing, chills, fatigue, cough
2652,Pneumonia, chills, fatigue, cough, high_fever
2653,Dimorphic hemmorhoids(piles), constipation, pain_during_bowel_movements, pain_in_anal_region, bloody_stool
2654,Heart attack, vomiting, breathlessness, sweating, chest_pain
2655,Varicose veins, fatigue, cramps, bruising, obesity
2656,Hypothyroidism, fatigue, weight_gain, cold_hands_and_feets, mood_swings
2657,Hyperthyroidism, fatigue, mood_swings, weight_loss, restlessness
2658,Hypoglycemia, vomiting, fatigue, anxiety, sweating
2659,Osteoarthristis, joint_pain, neck_pain, knee_pain, hip_joint_pain
2660,Arthritis, muscle_weakness, stiff_neck, swelling_joints, movement_stiffness
2661,(vertigo) Paroymsal  Positional Vertigo, vomiting, headache, nausea, spinning_movements
2662,Acne, skin_rash, pus_filled_pimples, blackheads, scurring
2663,Urinary tract infection, burning_micturition, bladder_discomfort, foul_smell_of urine, continuous_feel_of_urine
2664,Psoriasis, skin_rash, joint_pain, skin_peeling, silver_like_dusting
2665,Impetigo, skin_rash, high_fever, blister, red_sore_around_nose
2666,Fungal infection,itching, skin_rash, nodal_skin_eruptions, dischromic _patches
2667,Allergy, continuous_sneezing, shivering, chills, watering_from_eyes
2668,GERD, stomach_pain, acidity, ulcers_on_tongue, vomiting
2669,Chronic cholestasis,itching, vomiting, yellowish_skin, nausea
2670,Drug Reaction,itching, skin_rash, stomach_pain, burning_micturition
2671,Peptic ulcer diseae, vomiting, indigestion, loss_of_appetite, abdominal_pain
2672,AIDS, muscle_wasting, patches_in_throat, high_fever, extra_marital_contacts
2673,Diabetes , fatigue, weight_loss, restlessness, lethargy
2674,Gastroenteritis, vomiting, sunken_eyes, dehydration, diarrhoea
2675,Bronchial Asthma, fatigue, cough, high_fever, breathlessness
2676,Hypertension , headache, chest_pain, dizziness, loss_of_balance
2677,Migraine, acidity, indigestion, headache, blurred_and_distorted_vision
2678,Cervical spondylosis, back_pain, weakness_in_limbs, neck_pain, dizziness
2679,Paralysis (brain hemorrhage), vomiting, headache, weakness_of_one_body_side, altered_sensorium
2680,Jaundice,itching, vomiting, fatigue, weight_loss
2681,Malaria, chills, vomiting, high_fever, sweating
2682,Chicken pox,itching, skin_rash, fatigue, lethargy
2683,Dengue, skin_rash, chills, joint_pain, vomiting
2684,Typhoid, chills, vomiting, fatigue, high_fever
2685,hepatitis A, joint_pain, vomiting, yellowish_skin, dark_urine
2686,Hepatitis B,itching, fatigue, lethargy, yellowish_skin
2687,Hepatitis C, fatigue, yellowish_skin, nausea, loss_of_appetite
2688,Hepatitis D, joint_pain, vomiting, fatigue, yellowish_skin
2689,Hepatitis E, joint_pain, vomiting, fatigue, high_fever
2690,Alcoholic hepatitis, vomiting, yellowish_skin, abdominal_pain, swelling_of_stomach
2691,Tuberculosis, chills, vomiting, fatigue, weight_loss
2692,Common Cold, continuous_sneezing, chills, fatigue, cough
2693,Pneumonia, chills, fatigue, cough, high_fever
2694,Dimorphic hemmorhoids(piles), constipation, pain_during_bowel_movements, pain_in_anal_region, bloody_stool
2695,Heart attack, vomiting, breathlessness, sweating, chest_pain
2696,Varicose veins, fatigue, cramps, bruising, obesity
2697,Hypothyroidism, fatigue, weight_gain, cold_hands_and_feets, mood_swings
2698,Hyperthyroidism, fatigue, mood_swings, weight_loss, restlessness
2699,Hypoglycemia, vomiting, fatigue, anxiety, sweating
2700,Osteoarthristis, joint_pain, neck_pain, knee_pain, hip_joint_pain
2701,Arthritis, muscle_weakness, stiff_neck, swelling_joints, movement_stiffness
2702,(vertigo) Paroymsal  Positional Vertigo, vomiting, headache, nausea, spinning_movements
2703,Acne, skin_rash, pus_filled_pimples, blackheads, scurring
2704,Urinary tract infection, burning_micturition, bladder_discomfort, foul_smell_of urine, continuous_feel_of_urine
2705,Psoriasis, skin_rash, joint_pain, skin_peeling, silver_like_dusting
2706,Impetigo, skin_rash, high_fever, blister, red_sore_around_nose
2707,Fungal infection,itching, skin_rash, nodal_skin_eruptions, dischromic _patches
2708,Allergy, continuous_sneezing, shivering, chills, watering_from_eyes
2709,GERD, stomach_pain, acidity, ulcers_on_tongue, vomiting
2710,Chronic cholestasis,itching, vomiting, yellowish_skin, nausea
2711,Drug Reaction,itching, skin_rash, stomach_pain, burning_micturition
2712,Peptic ulcer diseae, vomiting, indigestion, loss_of_appetite, abdominal_pain
2713,AIDS, muscle_wasting, patches_in_throat, high_fever, extra_marital_contacts
2714,Diabetes , fatigue, weight_loss, restlessness, lethargy
2715,Gastroenteritis, vomiting, sunken_eyes, dehydration, diarrhoea
2716,Bronchial Asthma, fatigue, cough, high_fever, breathlessness
2717,Hypertension , headache, chest_pain, dizziness, loss_of_balance
2718,Migraine, acidity, indigestion, headache, blurred_and_distorted_vision
2719,Cervical spondylosis, back_pain, weakness_in_limbs, neck_pain, dizziness
2720,Paralysis (brain hemorrhage), vomiting, headache, weakness_of_one_body_side, altered_sensorium
2721,Jaundice,itching, vomiting, fatigue, weight_loss
2722,Malaria, chills, vomiting, high_fever, sweating
2723,Chicken pox,itching, skin_rash, fatigue, lethargy
2724,Dengue, skin_rash, chills, joint_pain, vomiting
2725,Typhoid, chills, vomiting, fatigue, high_fever
2726,hepatitis A, joint_pain, vomiting, yellowish_skin, dark_urine
2727,Hepatitis B,itching, fatigue, lethargy, yellowish_skin
2728,Hepatitis C, fatigue, yellowish_skin, nausea, loss_of_appetite
2729,Hepatitis D, joint_pain, vomiting, fatigue, yellowish_skin
2730,Hepatitis E, joint_pain, vomiting, fatigue, high_fever
2731,Alcoholic hepatitis, vomiting, yellowish_skin, abdominal_pain, swelling_of_stomach
2732,Tuberculosis, chills, vomiting, fatigue, weight_loss
2733,Common Cold, continuous_sneezing, chills, fatigue, cough
2734,Pneumonia, chills, fatigue, cough, high_fever
2735,Dimorphic hemmorhoids(piles), constipation, pain_during_bowel_movements, pain_in_anal_region, bloody_stool
2736,Heart attack, vomiting, breathlessness, sweating, chest_pain
2737,Varicose veins, fatigue, cramps, bruising, obesity
2738,Hypothyroidism, fatigue, weight_gain, cold_hands_and_feets, mood_swings
2739,Hyperthyroidism, fatigue, mood_swings, weight_loss, restlessness
2740,Hypoglycemia, vomiting, fatigue, anxiety, sweating
2741,Osteoarthristis, joint_pain, neck_pain, knee_pain, hip_joint_pain
2742,Arthritis, muscle_weakness, stiff_neck, swelling_joints, movement_stiffness
2743,(vertigo) Paroymsal  Positional Vertigo, vomiting, headache, nausea, spinning_movements
2744,Acne, skin_rash, pus_filled_pimples, blackheads, scurring
2745,Urinary tract infection, burning_micturition, bladder_discomfort, foul_smell_of urine, continuous_feel_of_urine
2746,Psoriasis, skin_rash, joint_pain, skin_peeling, silver_like_dusting
2747,Impetigo, skin_rash, high_fever, blister, red_sore_around_nose
2748,Fungal infection,itching, skin_rash, nodal_skin_eruptions, dischromic _patches
2749,Allergy, continuous_sneezing, shivering, chills, watering_from_eyes
2750,GERD, stomach_pain, acidity, ulcers_on_tongue, vomiting
2751,Chronic cholestasis,itching, vomiting, yellowish_skin, nausea
2752,Drug Reaction,itching, skin_rash, stomach_pain, burning_micturition
2753,Peptic ulcer diseae, vomiting, indigestion, loss_of_appetite, abdominal_pain
2754,AIDS, muscle_wasting, patches_in_throat, high_fever, extra_marital_contacts
2755,Diabetes , fatigue, weight_loss, restlessness, lethargy
2756,Gastroenteritis, vomiting, sunken_eyes, dehydration, diarrhoea
2757,Bronchial Asthma, fatigue, cough, high_fever, breathlessness
2758,Hypertension , headache, chest_pain, dizziness, loss_of_balance
2759,Migraine, acidity, indigestion, headache, blurred_and_distorted_vision
2760,Cervical spondylosis, back_pain, weakness_in_limbs, neck_pain, dizziness
2761,Paralysis (brain hemorrhage), vomiting, headache, weakness_of_one_body_side, altered_sensorium
2762,Jaundice,itching, vomiting, fatigue, weight_loss
2763,Malaria, chills, vomiting, high_fever, sweating
2764,Chicken pox,itching, skin_rash, fatigue, lethargy
2765,Dengue, skin_rash, chills, joint_pain, vomiting
2766,Typhoid, chills, vomiting, fatigue, high_fever
2767,hepatitis A, joint_pain, vomiting, yellowish_skin, dark_urine
2768,Hepatitis B,itching, fatigue, lethargy, yellowish_skin
2769,Hepatitis C, fatigue, yellowish_skin, nausea, loss_of_appetite
2770,Hepatitis D, joint_pain, vomiting, fatigue, yellowish_skin
2771,Hepatitis E, joint_pain, vomiting, fatigue, high_fever
2772,Alcoholic hepatitis, vomiting, yellowish_skin, abdominal_pain, swelling_of_stomach
2773,Tuberculosis, chills, vomiting, fatigue, weight_loss
2774,Common Cold, continuous_sneezing, chills, fatigue, cough
2775,Pneumonia, chills, fatigue, cough, high_fever
2776,Dimorphic hemmorhoids(piles), constipation, pain_during_bowel_movements, pain_in_anal_region, bloody_stool
2777,Heart attack, vomiting, breathlessness, sweating, chest_pain
2778,Varicose veins, fatigue, cramps, bruising, obesity
2779,Hypothyroidism, fatigue, weight_gain, cold_hands_and_feets, mood_swings
2780,Hyperthyroidism, fatigue, mood_swings, weight_loss, restlessness
2781,Hypoglycemia, vomiting, fatigue, anxiety, sweating
2782,Osteoarthristis, joint_pain, neck_pain, knee_pain, hip_joint_pain
2783,Arthritis, muscle_weakness, stiff_neck, swelling_joints, movement_stiffness
2784,(vertigo) Paroymsal  Positional Vertigo, vomiting, headache, nausea, spinning_movements
2785,Acne, skin_rash, pus_filled_pimples, blackheads, scurring
2786,Urinary tract infection, burning_micturition, bladder_discomfort, foul_smell_of urine, continuous_feel_of_urine
2787,Psoriasis, skin_rash, joint_pain, skin_peeling, silver_like_dusting
2788,Impetigo, skin_rash, high_fever, blister, red_sore_around_nose
2789,Fungal infection,itching, skin_rash, nodal_skin_eruptions, dischromic _patches
2790,Allergy, continuous_sneezing, shivering, chills, watering_from_eyes
2791,GERD, stomach_pain, acidity, ulcers_on_tongue, vomiting
2792,Chronic cholestasis,itching, vomiting, yellowish_skin, nausea
2793,Drug Reaction,itching, skin_rash, stomach_pain, burning_micturition
2794,Peptic ulcer diseae, vomiting, indigestion, loss_of_appetite, abdominal_pain
2795,AIDS, muscle_wasting, patches_in_throat, high_fever, extra_marital_contacts
2796,Diabetes , fatigue, weight_loss, restlessness, lethargy
2797,Gastroenteritis, vomiting, sunken_eyes, dehydration, diarrhoea
2798,Bronchial Asthma, fatigue, cough, high_fever, breathlessness
2799,Hypertension , headache, chest_pain, dizziness, loss_of_balance
2800,Migraine, acidity, indigestion, headache, blurred_and_distorted_vision
2801,Cervical spondylosis, back_pain, weakness_in_limbs, neck_pain, dizziness
2802,Paralysis (brain hemorrhage), vomiting, headache, weakness_of_one_body_side, altered_sensorium
2803,Jaundice,itching, vomiting, fatigue, weight_loss
2804,Malaria, chills, vomiting, high_fever, sweating
2805,Chicken pox,itching, skin_rash, fatigue, lethargy
2806,Dengue, skin_rash, chills, joint_pain, vomiting
2807,Typhoid, chills, vomiting, fatigue, high_fever
2808,hepatitis A, joint_pain, vomiting, yellowish_skin, dark_urine
2809,Hepatitis B,itching, fatigue, lethargy, yellowish_skin
2810,Hepatitis C, fatigue, yellowish_skin, nausea, loss_of_appetite
2811,Hepatitis D, joint_pain, vomiting, fatigue, yellowish_skin
2812,Hepatitis E, joint_pain, vomiting, fatigue, high_fever
2813,Alcoholic hepatitis, vomiting, yellowish_skin, abdominal_pain, swelling_of_stomach
2814,Tuberculosis, chills, vomiting, fatigue, weight_loss
2815,Common Cold, continuous_sneezing, chills, fatigue, cough
2816,Pneumonia, chills, fatigue, cough, high_fever
2817,Dimorphic hemmorhoids(piles), constipation, pain_during_bowel_movements, pain_in_anal_region, bloody_stool
2818,Heart attack, vomiting, breathlessness, sweating, chest_pain
2819,Varicose veins, fatigue, cramps, bruising, obesity
2820,Hypothyroidism, fatigue, weight_gain, cold_hands_and_feets, mood_swings
2821,Hyperthyroidism, fatigue, mood_swings, weight_loss, restlessness
2822,Hypoglycemia, vomiting, fatigue, anxiety, sweating
2823,Osteoarthristis, joint_pain, neck_pain, knee_pain, hip_joint_pain
2824,Arthritis, muscle_weakness, stiff_neck, swelling_joints, movement_stiffness
2825,(vertigo) Paroymsal  Positional Vertigo, vomiting, headache, nausea, spinning_movements
2826,Acne, skin_rash, pus_filled_pimples, blackheads, scurring
2827,Urinary tract infection, burning_micturition, bladder_discomfort, foul_smell_of urine, continuous_feel_of_urine
2828,Psoriasis, skin_rash, joint_pain, skin_peeling, silver_like_dusting
2829,Impetigo, skin_rash, high_fever, blister, red_sore_around_nose
2830,Fungal infection,itching, skin_rash, nodal_skin_eruptions, dischromic _patches
2831,Allergy, continuous_sneezing, shivering, chills, watering_from_eyes
2832,GERD, stomach_pain, acidity, ulcers_on_tongue, vomiting
2833,Chronic cholestasis,itching, vomiting, yellowish_skin, nausea
2834,Drug Reaction,itching, skin_rash, stomach_pain, burning_micturition
2835,Peptic ulcer diseae, vomiting, indigestion, loss_of_appetite, abdominal_pain
2836,AIDS, muscle_wasting, patches_in_throat, high_fever, extra_marital_contacts
2837,Diabetes , fatigue, weight_loss, restlessness, lethargy
2838,Gastroenteritis, vomiting, sunken_eyes, dehydration, diarrhoea
2839,Bronchial Asthma, fatigue, cough, high_fever, breathlessness
2840,Hypertension , headache, chest_pain, dizziness, loss_of_balance
2841,Migraine, acidity, indigestion, headache, blurred_and_distorted_vision
2842,Cervical spondylosis, back_pain, weakness_in_limbs, neck_pain, dizziness
2843,Paralysis (brain hemorrhage), vomiting, headache, weakness_of_one_body_side, altered_sensorium
2844,Jaundice,itching, vomiting, fatigue, weight_loss
2845,Malaria, chills, vomiting, high_fever, sweating
2846,Chicken pox,itching, skin_rash, fatigue, lethargy
2847,Dengue, skin_rash, chills, joint_pain, vomiting
2848,Typhoid, chills, vomiting, fatigue, high_fever
2849,hepatitis A, joint_pain, vomiting, yellowish_skin, dark_urine
2850,Hepatitis B,itching, fatigue, lethargy, yellowish_skin
2851,Hepatitis C, fatigue, yellowish_skin, nausea, loss_of_appetite
2852,Hepatitis D, joint_pain, vomiting, fatigue, yellowish_skin
2853,Hepatitis E, joint_pain, vomiting, fatigue, high_fever
2854,Alcoholic hepatitis, vomiting, yellowish_skin, abdominal_pain, swelling_of_stomach
2855,Tuberculosis, chills, vomiting, fatigue, weight_loss
2856,Common Cold, continuous_sneezing, chills, fatigue, cough
2857,Pneumonia, chills, fatigue, cough, high_fever
2858,Dimorphic hemmorhoids(piles), constipation, pain_during_bowel_movements, pain_in_anal_region, bloody_stool
2859,Heart attack, vomiting, breathlessness, sweating, chest_pain
2860,Varicose veins, fatigue, cramps, bruising, obesity
2861,Hypothyroidism, fatigue, weight_gain, cold_hands_and_feets, mood_swings
2862,Hyperthyroidism, fatigue, mood_swings, weight_loss, restlessness
2863,Hypoglycemia, vomiting, fatigue, anxiety, sweating
2864,Osteoarthristis, joint_pain, neck_pain, knee_pain, hip_joint_pain
2865,Arthritis, muscle_weakness, stiff_neck, swelling_joints, movement_stiffness
2866,(vertigo) Paroymsal  Positional Vertigo, vomiting, headache, nausea, spinning_movements
2867,Acne, skin_rash, pus_filled_pimples, blackheads, scurring
2868,Urinary tract infection, burning_micturition, bladder_discomfort, foul_smell_of urine, continuous_feel_of_urine
2869,Psoriasis, skin_rash, joint_pain, skin_peeling, silver_like_dusting
2870,Impetigo, skin_rash, high_fever, blister, red_sore_around_nose
2871,Fungal infection,itching, skin_rash, nodal_skin_eruptions, dischromic _patches
2872,Allergy, continuous_sneezing, shivering, chills, watering_from_eyes
2873,GERD, stomach_pain, acidity, ulcers_on_tongue, vomiting
2874,Chronic cholestasis,itching, vomiting, yellowish_skin, nausea
2875,Drug Reaction,itching, skin_rash, stomach_pain, burning_micturition
2876,Peptic ulcer diseae, vomiting, indigestion, loss_of_appetite, abdominal_pain
2877,AIDS, muscle_wasting, patches_in_throat, high_fever, extra_marital_contacts
2878,Diabetes , fatigue, weight_loss, restlessness, lethargy
2879,Gastroenteritis, vomiting, sunken_eyes, dehydration, diarrhoea
2880,Bronchial Asthma, fatigue, cough, high_fever, breathlessness
2881,Hypertension , headache, chest_pain, dizziness, loss_of_balance
2882,Migraine, acidity, indigestion, headache, blurred_and_distorted_vision
2883,Cervical spondylosis, back_pain, weakness_in_limbs, neck_pain, dizziness
2884,Paralysis (brain hemorrhage), vomiting, headache, weakness_of_one_body_side, altered_sensorium
2885,Jaundice,itching, vomiting, fatigue, weight_loss
2886,Malaria, chills, vomiting, high_fever, sweating
2887,Chicken pox,itching, skin_rash, fatigue, lethargy
2888,Dengue, skin_rash, chills, joint_pain, vomiting
2889,Typhoid, chills, vomiting, fatigue, high_fever
2890,hepatitis A, joint_pain, vomiting, yellowish_skin, dark_urine
2891,Hepatitis B,itching, fatigue, lethargy, yellowish_skin
2892,Hepatitis C, fatigue, yellowish_skin, nausea, loss_of_appetite
2893,Hepatitis D, joint_pain, vomiting, fatigue, yellowish_skin
2894,Hepatitis E, joint_pain, vomiting, fatigue, high_fever
2895,Alcoholic hepatitis, vomiting, yellowish_skin, abdominal_pain, swelling_of_stomach
2896,Tuberculosis, chills, vomiting, fatigue, weight_loss
2897,Common Cold, continuous_sneezing, chills, fatigue, cough
2898,Pneumonia, chills, fatigue, cough, high_fever
2899,Dimorphic hemmorhoids(piles), constipation, pain_during_bowel_movements, pain_in_anal_region, bloody_stool
2900,Heart attack, vomiting, breathlessness, sweating, chest_pain
2901,Varicose veins, fatigue, cramps, bruising, obesity
2902,Hypothyroidism, fatigue, weight_gain, cold_hands_and_feets, mood_swings
2903,Hyperthyroidism, fatigue, mood_swings, weight_loss, restlessness
2904,Hypoglycemia, vomiting, fatigue, anxiety, sweating
2905,Osteoarthristis, joint_pain, neck_pain, knee_pain, hip_joint_pain
2906,Arthritis, muscle_weakness, stiff_neck, swelling_joints, movement_stiffness
2907,(vertigo) Paroymsal  Positional Vertigo, vomiting, headache, nausea, spinning_movements
2908,Acne, skin_rash, pus_filled_pimples, blackheads, scurring
2909,Urinary tract infection, burning_micturition, bladder_discomfort, foul_smell_of urine, continuous_feel_of_urine
2910,Psoriasis, skin_rash, joint_pain, skin_peeling, silver_like_dusting
2911,Impetigo, skin_rash, high_fever, blister, red_sore_around_nose
2912,Fungal infection,itching, skin_rash, nodal_skin_eruptions, dischromic _patches
2913,Allergy, continuous_sneezing, shivering, chills, watering_from_eyes
2914,GERD, stomach_pain, acidity, ulcers_on_tongue, vomiting
2915,Chronic cholestasis,itching, vomiting, yellowish_skin, nausea
2916,Drug Reaction,itching, skin_rash, stomach_pain, burning_micturition
2917,Peptic ulcer diseae, vomiting, indigestion, loss_of_appetite, abdominal_pain
2918,AIDS, muscle_wasting, patches_in_throat, high_fever, extra_marital_contacts
2919,Diabetes , fatigue, weight_loss, restlessness, lethargy
2920,Gastroenteritis, vomiting, sunken_eyes, dehydration, diarrhoea
2921,Bronchial Asthma, fatigue, cough, high_fever, breathlessness
2922,Hypertension , headache, chest_pain, dizziness, loss_of_balance
2923,Migraine, acidity, indigestion, headache, blurred_and_distorted_vision
2924,Cervical spondylosis, back_pain, weakness_in_limbs, neck_pain, dizziness
2925,Paralysis (brain hemorrhage), vomiting, headache, weakness_of_one_body_side, altered_sensorium
2926,Jaundice,itching, vomiting, fatigue, weight_loss
2927,Malaria, chills, vomiting, high_fever, sweating
2928,Chicken pox,itching, skin_rash, fatigue, lethargy
2929,Dengue, skin_rash, chills, joint_pain, vomiting
2930,Typhoid, chills, vomiting, fatigue, high_fever
2931,hepatitis A, joint_pain, vomiting, yellowish_skin, dark_urine
2932,Hepatitis B,itching, fatigue, lethargy, yellowish_skin
2933,Hepatitis C, fatigue, yellowish_skin, nausea, loss_of_appetite
2934,Hepatitis D, joint_pain, vomiting, fatigue, yellowish_skin
2935,Hepatitis E, joint_pain, vomiting, fatigue, high_fever
2936,Alcoholic hepatitis, vomiting, yellowish_skin, abdominal_pain, swelling_of_stomach
2937,Tuberculosis, chills, vomiting, fatigue, weight_loss
2938,Common Cold, continuous_sneezing, chills, fatigue, cough
2939,Pneumonia, chills, fatigue, cough, high_fever
2940,Dimorphic hemmorhoids(piles), constipation, pain_during_bowel_movements, pain_in_anal_region, bloody_stool
2941,Heart attack, vomiting, breathlessness, sweating, chest_pain
2942,Varicose veins, fatigue, cramps, bruising, obesity
2943,Hypothyroidism, fatigue, weight_gain, cold_hands_and_feets, mood_swings
2944,Hyperthyroidism, fatigue, mood_swings, weight_loss, restlessness
2945,Hypoglycemia, vomiting, fatigue, anxiety, sweating
2946,Osteoarthristis, joint_pain, neck_pain, knee_pain, hip_joint_pain
2947,Arthritis, muscle_weakness, stiff_neck, swelling_joints, movement_stiffness
2948,(vertigo) Paroymsal  Positional Vertigo, vomiting, headache, nausea, spinning_movements
2949,Acne, skin_rash, pus_filled_pimples, blackheads, scurring
2950,Urinary tract infection, burning_micturition, bladder_discomfort, foul_smell_of urine, continuous_feel_of_urine
2951,Psoriasis, skin_rash, joint_pain, skin_peeling, silver_like_dusting
2952,Impetigo, skin_rash, high_fever, blister, red_sore_around_nose
2953,Fungal infection,itching, skin_rash, nodal_skin_eruptions, dischromic _patches
2954,Allergy, continuous_sneezing, shivering, chills, watering_from_eyes
2955,GERD, stomach_pain, acidity, ulcers_on_tongue, vomiting
2956,Chronic cholestasis,itching, vomiting, yellowish_skin, nausea
2957,Drug Reaction,itching, skin_rash, stomach_pain, burning_micturition
2958,Peptic ulcer diseae, vomiting, indigestion, loss_of_appetite, abdominal_pain
2959,AIDS, muscle_wasting, patches_in_throat, high_fever, extra_marital_contacts
2960,Diabetes , fatigue, weight_loss, restlessness, lethargy
2961,Gastroenteritis, vomiting, sunken_eyes, dehydration, diarrhoea
2962,Bronchial Asthma, fatigue, cough, high_fever, breathlessness
2963,Hypertension , headache, chest_pain, dizziness, loss_of_balance
2964,Migraine, acidity, indigestion, headache, blurred_and_distorted_vision
2965,Cervical spondylosis, back_pain, weakness_in_limbs, neck_pain, dizziness
2966,Paralysis (brain hemorrhage), vomiting, headache, weakness_of_one_body_side, altered_sensorium
2967,Jaundice,itching, vomiting, fatigue, weight_loss
2968,Malaria, chills, vomiting, high_fever, sweating
2969,Chicken pox,itching, skin_rash, fatigue, lethargy
2970,Dengue, skin_rash, chills, joint_pain, vomiting
2971,Typhoid, chills, vomiting, fatigue, high_fever
2972,hepatitis A, joint_pain, vomiting, yellowish_skin, dark_urine
2973,Hepatitis B,itching, fatigue, lethargy, yellowish_skin
2974,Hepatitis C, fatigue, yellowish_skin, nausea, loss_of_appetite
2975,Hepatitis D, joint_pain, vomiting, fatigue, yellowish_skin
2976,Hepatitis E, joint_pain, vomiting, fatigue, high_fever
2977,Alcoholic hepatitis, vomiting, yellowish_skin, abdominal_pain, swelling_of_stomach
2978,Tuberculosis, chills, vomiting, fatigue, weight_loss
2979,Common Cold, continuous_sneezing, chills, fatigue, cough
2980,Pneumonia, chills, fatigue, cough, high_fever
2981,Dimorphic hemmorhoids(piles), constipation, pain_during_bowel_movements, pain_in_anal_region, bloody_stool
2982,Heart attack, vomiting, breathlessness, sweating, chest_pain
2983,Varicose veins, fatigue, cramps, bruising, obesity
2984,Hypothyroidism, fatigue, weight_gain, cold_hands_and_feets, mood_swings
2985,Hyperthyroidism, fatigue, mood_swings, weight_loss, restlessness
2986,Hypoglycemia, vomiting, fatigue, anxiety, sweating
2987,Osteoarthristis, joint_pain, neck_pain, knee_pain, hip_joint_pain
2988,Arthritis, muscle_weakness, stiff_neck, swelling_joints, movement_stiffness
2989,(vertigo) Paroymsal  Positional Vertigo, vomiting, headache, nausea, spinning_movements
2990,Acne, skin_rash, pus_filled_pimples, blackheads, scurring
2991,Urinary tract infection, burning_micturition, bladder_discomfort, foul_smell_of urine, continuous_feel_of_urine
2992,Psoriasis, skin_rash, joint_pain, skin_peeling, silver_like_dusting
2993,Impetigo, skin_rash, high_fever, blister, red_sore_around_nose
2994,Fungal infection,itching, skin_rash, nodal_skin_eruptions, dischromic _patches
2995,Allergy, continuous_sneezing, shivering, chills, watering_from_eyes
2996,GERD, stomach_pain, acidity, ulcers_on_tongue, vomiting
2997,Chronic cholestasis,itching, vomiting, yellowish_skin, nausea
2998,Drug Reaction,itching, skin_rash, stomach_pain, burning_micturition
2999,Peptic ulcer diseae, vomiting, indigestion, loss_of_appetite, abdominal_pain
3000,AIDS, muscle_wasting, patches_in_throat, high_fever, extra_marital_contacts
3001,Diabetes , fatigue, weight_loss, restlessness, lethargy
3002,Gastroenteritis, vomiting, sunken_eyes, dehydration, diarrhoea
3003,Bronchial Asthma, fatigue, cough, high_fever, breathlessness
3004,Hypertension , headache, chest_pain, dizziness, loss_of_balance
3005,Migraine, acidity, indigestion, headache, blurred_and_distorted_vision
3006,Cervical spondylosis, back_pain, weakness_in_limbs, neck_pain, dizziness
3007,Paralysis (brain hemorrhage), vomiting, headache, weakness_of_one_body_side, altered_sensorium
3008,Jaundice,itching, vomiting, fatigue, weight_loss
3009,Malaria, chills, vomiting, high_fever, sweating
3010,Chicken pox,itching, skin_rash, fatigue, lethargy
3011,Dengue, skin_rash, chills, joint_pain, vomiting
3012,Typhoid, chills, vomiting, fatigue, high_fever
3013,hepatitis A, joint_pain, vomiting, yellowish_skin, dark_urine
3014,Hepatitis B,itching, fatigue, lethargy, yellowish_skin
3015,Hepatitis C, fatigue, yellowish_skin, nausea, loss_of_appetite
3016,Hepatitis D, joint_pain, vomiting, fatigue, yellowish_skin
3017,Hepatitis E, joint_pain, vomiting, fatigue, high_fever
3018,Alcoholic hepatitis, vomiting, yellowish_skin, abdominal_pain, swelling_of_stomach
3019,Tuberculosis, chills, vomiting, fatigue, weight_loss
3020,Common Cold, continuous_sneezing, chills, fatigue, cough
3021,Pneumonia, chills, fatigue, cough, high_fever
3022,Dimorphic hemmorhoids(piles), constipation, pain_during_bowel_movements, pain_in_anal_region, bloody_stool
3023,Heart attack, vomiting, breathlessness, sweating, chest_pain
3024,Varicose veins, fatigue, cramps, bruising, obesity
3025,Hypothyroidism, fatigue, weight_gain, cold_hands_and_feets, mood_swings
3026,Hyperthyroidism, fatigue, mood_swings, weight_loss, restlessness
3027,Hypoglycemia, vomiting, fatigue, anxiety, sweating
3028,Osteoarthristis, joint_pain, neck_pain, knee_pain, hip_joint_pain
3029,Arthritis, muscle_weakness, stiff_neck, swelling_joints, movement_stiffness
3030,(vertigo) Paroymsal  Positional Vertigo, vomiting, headache, nausea, spinning_movements
3031,Acne, skin_rash, pus_filled_pimples, blackheads, scurring
3032,Urinary tract infection, burning_micturition, bladder_discomfort, foul_smell_of urine, continuous_feel_of_urine
3033,Psoriasis, skin_rash, joint_pain, skin_peeling, silver_like_dusting
3034,Impetigo, skin_rash, high_fever, blister, red_sore_around_nose
3035,Fungal infection,itching, skin_rash, nodal_skin_eruptions, dischromic _patches
3036,Allergy, continuous_sneezing, shivering, chills, watering_from_eyes
3037,GERD, stomach_pain, acidity, ulcers_on_tongue, vomiting
3038,Chronic cholestasis,itching, vomiting, yellowish_skin, nausea
3039,Drug Reaction,itching, skin_rash, stomach_pain, burning_micturition
3040,Peptic ulcer diseae, vomiting, indigestion, loss_of_appetite, abdominal_pain
3041,AIDS, muscle_wasting, patches_in_throat, high_fever, extra_marital_contacts
3042,Diabetes , fatigue, weight_loss, restlessness, lethargy
3043,Gastroenteritis, vomiting, sunken_eyes, dehydration, diarrhoea
3044,Bronchial Asthma, fatigue, cough, high_fever, breathlessness
3045,Hypertension , headache, chest_pain, dizziness, loss_of_balance
3046,Migraine, acidity, indigestion, headache, blurred_and_distorted_vision
3047,Cervical spondylosis, back_pain, weakness_in_limbs, neck_pain, dizziness
3048,Paralysis (brain hemorrhage), vomiting, headache, weakness_of_one_body_side, altered_sensorium
3049,Jaundice,itching, vomiting, fatigue, weight_loss
3050,Malaria, chills, vomiting, high_fever, sweating
3051,Chicken pox,itching, skin_rash, fatigue, lethargy
3052,Dengue, skin_rash, chills, joint_pain, vomiting
3053,Typhoid, chills, vomiting, fatigue, high_fever
3054,hepatitis A, joint_pain, vomiting, yellowish_skin, dark_urine
3055,Hepatitis B,itching, fatigue, lethargy, yellowish_skin
3056,Hepatitis C, fatigue, yellowish_skin, nausea, loss_of_appetite
3057,Hepatitis D, joint_pain, vomiting, fatigue, yellowish_skin
3058,Hepatitis E, joint_pain, vomiting, fatigue, high_fever
3059,Alcoholic hepatitis, vomiting, yellowish_skin, abdominal_pain, swelling_of_stomach
3060,Tuberculosis, chills, vomiting, fatigue, weight_loss
3061,Common Cold, continuous_sneezing, chills, fatigue, cough
3062,Pneumonia, chills, fatigue, cough, high_fever
3063,Dimorphic hemmorhoids(piles), constipation, pain_during_bowel_movements, pain_in_anal_region, bloody_stool
3064,Heart attack, vomiting, breathlessness, sweating, chest_pain
3065,Varicose veins, fatigue, cramps, bruising, obesity
3066,Hypothyroidism, fatigue, weight_gain, cold_hands_and_feets, mood_swings
3067,Hyperthyroidism, fatigue, mood_swings, weight_loss, restlessness
3068,Hypoglycemia, vomiting, fatigue, anxiety, sweating
3069,Osteoarthristis, joint_pain, neck_pain, knee_pain, hip_joint_pain
3070,Arthritis, muscle_weakness, stiff_neck, swelling_joints, movement_stiffness
3071,(vertigo) Paroymsal  Positional Vertigo, vomiting, headache, nausea, spinning_movements
3072,Acne, skin_rash, pus_filled_pimples, blackheads, scurring
3073,Urinary tract infection, burning_micturition, bladder_discomfort, foul_smell_of urine, continuous_feel_of_urine
3074,Psoriasis, skin_rash, joint_pain, skin_peeling, silver_like_dusting
3075,Impetigo, skin_rash, high_fever, blister, red_sore_around_nose
3076,Fungal infection,itching, skin_rash, nodal_skin_eruptions, dischromic _patches
3077,Allergy, continuous_sneezing, shivering, chills, watering_from_eyes
3078,GERD, stomach_pain, acidity, ulcers_on_tongue, vomiting
3079,Chronic cholestasis,itching, vomiting, yellowish_skin, nausea
3080,Drug Reaction,itching, skin_rash, stomach_pain, burning_micturition
3081,Peptic ulcer diseae, vomiting, indigestion, loss_of_appetite, abdominal_pain
3082,AIDS, muscle_wasting, patches_in_throat, high_fever, extra_marital_contacts
3083,Diabetes , fatigue, weight_loss, restlessness, lethargy
3084,Gastroenteritis, vomiting, sunken_eyes, dehydration, diarrhoea
3085,Bronchial Asthma, fatigue, cough, high_fever, breathlessness
3086,Hypertension , headache, chest_pain, dizziness, loss_of_balance
3087,Migraine, acidity, indigestion, headache, blurred_and_distorted_vision
3088,Cervical spondylosis, back_pain, weakness_in_limbs, neck_pain, dizziness
3089,Paralysis (brain hemorrhage), vomiting, headache, weakness_of_one_body_side, altered_sensorium
3090,Jaundice,itching, vomiting, fatigue, weight_loss
3091,Malaria, chills, vomiting, high_fever, sweating
3092,Chicken pox,itching, skin_rash, fatigue, lethargy
3093,Dengue, skin_rash, chills, joint_pain, vomiting
3094,Typhoid, chills, vomiting, fatigue, high_fever
3095,hepatitis A, joint_pain, vomiting, yellowish_skin, dark_urine
3096,Hepatitis B,itching, fatigue, lethargy, yellowish_skin
3097,Hepatitis C, fatigue, yellowish_skin, nausea, loss_of_appetite
3098,Hepatitis D, joint_pain, vomiting, fatigue, yellowish_skin
3099,Hepatitis E, joint_pain, vomiting, fatigue, high_fever
3100,Alcoholic hepatitis, vomiting, yellowish_skin, abdominal_pain, swelling_of_stomach
3101,Tuberculosis, chills, vomiting, fatigue, weight_loss
3102,Common Cold, continuous_sneezing, chills, fatigue, cough
3103,Pneumonia, chills, fatigue, cough, high_fever
3104,Dimorphic hemmorhoids(piles), constipation, pain_during_bowel_movements, pain_in_anal_region, bloody_stool
3105,Heart attack, vomiting, breathlessness, sweating, chest_pain
3106,Varicose veins, fatigue, cramps, bruising, obesity
3107,Hypothyroidism, fatigue, weight_gain, cold_hands_and_feets, mood_swings
3108,Hyperthyroidism, fatigue, mood_swings, weight_loss, restlessness
3109,Hypoglycemia, vomiting, fatigue, anxiety, sweating
3110,Osteoarthristis, joint_pain, neck_pain, knee_pain, hip_joint_pain
3111,Arthritis, muscle_weakness, stiff_neck, swelling_joints, movement_stiffness
3112,(vertigo) Paroymsal  Positional Vertigo, vomiting, headache, nausea, spinning_movements
3113,Acne, skin_rash, pus_filled_pimples, blackheads, scurring
3114,Urinary tract infection, burning_micturition, bladder_discomfort, foul_smell_of urine, continuous_feel_of_urine
3115,Psoriasis, skin_rash, joint_pain, skin_peeling, silver_like_dusting
3116,Impetigo, skin_rash, high_fever, blister, red_sore_around_nose
3117,Fungal infection,itching, skin_rash, nodal_skin_eruptions, dischromic _patches
3118,Allergy, continuous_sneezing, shivering, chills, watering_from_eyes
3119,GERD, stomach_pain, acidity, ulcers_on_tongue, vomiting
3120,Chronic cholestasis,itching, vomiting, yellowish_skin, nausea
3121,Drug Reaction,itching, skin_rash, stomach_pain, burning_micturition
3122,Peptic ulcer diseae, vomiting, indigestion, loss_of_appetite, abdominal_pain
3123,AIDS, muscle_wasting, patches_in_throat, high_fever, extra_marital_contacts
3124,Diabetes , fatigue, weight_loss, restlessness, lethargy
3125,Gastroenteritis, vomiting, sunken_eyes, dehydration, diarrhoea
3126,Bronchial Asthma, fatigue, cough, high_fever, breathlessness
3127,Hypertension , headache, chest_pain, dizziness, loss_of_balance
3128,Migraine, acidity, indigestion, headache, blurred_and_distorted_vision
3129,Cervical spondylosis, back_pain, weakness_in_limbs, neck_pain, dizziness
3130,Paralysis (brain hemorrhage), vomiting, headache, weakness_of_one_body_side, altered_sensorium
3131,Jaundice,itching, vomiting, fatigue, weight_loss
3132,Malaria, chills, vomiting, high_fever, sweating
3133,Chicken pox,itching, skin_rash, fatigue, lethargy
3134,Dengue, skin_rash, chills, joint_pain, vomiting
3135,Typhoid, chills, vomiting, fatigue, high_fever
3136,hepatitis A, joint_pain, vomiting, yellowish_skin, dark_urine
3137,Hepatitis B,itching, fatigue, lethargy, yellowish_skin
3138,Hepatitis C, fatigue, yellowish_skin, nausea, loss_of_appetite
3139,Hepatitis D, joint_pain, vomiting, fatigue, yellowish_skin
3140,Hepatitis E, joint_pain, vomiting, fatigue, high_fever
3141,Alcoholic hepatitis, vomiting, yellowish_skin, abdominal_pain, swelling_of_stomach
3142,Tuberculosis, chills, vomiting, fatigue, weight_loss
3143,Common Cold, continuous_sneezing, chills, fatigue, cough
3144,Pneumonia, chills, fatigue, cough, high_fever
3145,Dimorphic hemmorhoids(piles), constipation, pain_during_bowel_movements, pain_in_anal_region, bloody_stool
3146,Heart attack, vomiting, breathlessness, sweating, chest_pain
3147,Varicose veins, fatigue, cramps, bruising, obesity
3148,Hypothyroidism, fatigue, weight_gain, cold_hands_and_feets, mood_swings
3149,Hyperthyroidism, fatigue, mood_swings, weight_loss, restlessness
3150,Hypoglycemia, vomiting, fatigue, anxiety, sweating
3151,Osteoarthristis, joint_pain, neck_pain, knee_pain, hip_joint_pain
3152,Arthritis, muscle_weakness, stiff_neck, swelling_joints, movement_stiffness
3153,(vertigo) Paroymsal  Positional Vertigo, vomiting, headache, nausea, spinning_movements
3154,Acne, skin_rash, pus_filled_pimples, blackheads, scurring
3155,Urinary tract infection, burning_micturition, bladder_discomfort, foul_smell_of urine, continuous_feel_of_urine
3156,Psoriasis, skin_rash, joint_pain, skin_peeling, silver_like_dusting
3157,Impetigo, skin_rash, high_fever, blister, red_sore_around_nose
3158,Fungal infection,itching, skin_rash, nodal_skin_eruptions, dischromic _patches
3159,Allergy, continuous_sneezing, shivering, chills, watering_from_eyes
3160,GERD, stomach_pain, acidity, ulcers_on_tongue, vomiting
3161,Chronic cholestasis,itching, vomiting, yellowish_skin, nausea
3162,Drug Reaction,itching, skin_rash, stomach_pain, burning_micturition
3163,Peptic ulcer diseae, vomiting, indigestion, loss_of_appetite, abdominal_pain
3164,AIDS, muscle_wasting, patches_in_throat, high_fever, extra_marital_contacts
3165,Diabetes , fatigue, weight_loss, restlessness, lethargy
3166,Gastroenteritis, vomiting, sunken_eyes, dehydration, diarrhoea
3167,Bronchial Asthma, fatigue, cough, high_fever, breathlessness
3168,Hypertension , headache, chest_pain, dizziness, loss_of_balance
3169,Migraine, acidity, indigestion, headache, blurred_and_distorted_vision
3170,Cervical spondylosis, back_pain, weakness_in_limbs, neck_pain, dizziness
3171,Paralysis (brain hemorrhage), vomiting, headache, weakness_of_one_body_side, altered_sensorium
3172,Jaundice,itching, vomiting, fatigue, weight_loss
3173,Malaria, chills, vomiting, high_fever, sweating
3174,Chicken pox,itching, skin_rash, fatigue, lethargy
3175,Dengue, skin_rash, chills, joint_pain, vomiting
3176,Typhoid, chills, vomiting, fatigue, high_fever
3177,hepatitis A, joint_pain, vomiting, yellowish_skin, dark_urine
3178,Hepatitis B,itching, fatigue, lethargy, yellowish_skin
3179,Hepatitis C, fatigue, yellowish_skin, nausea, loss_of_appetite
3180,Hepatitis D, joint_pain, vomiting, fatigue, yellowish_skin
3181,Hepatitis E, joint_pain, vomiting, fatigue, high_fever
3182,Alcoholic hepatitis, vomiting, yellowish_skin, abdominal_pain, swelling_of_stomach
3183,Tuberculosis, chills, vomiting, fatigue, weight_loss
3184,Common Cold, continuous_sneezing, chills, fatigue, cough
3185,Pneumonia, chills, fatigue, cough, high_fever
3186,Dimorphic hemmorhoids(piles), constipation, pain_during_bowel_movements, pain_in_anal_region, bloody_stool
3187,Heart attack, vomiting, breathlessness, sweating, chest_pain
3188,Varicose veins, fatigue, cramps, bruising, obesity
3189,Hypothyroidism, fatigue, weight_gain, cold_hands_and_feets, mood_swings
3190,Hyperthyroidism, fatigue, mood_swings, weight_loss, restlessness
3191,Hypoglycemia, vomiting, fatigue, anxiety, sweating
3192,Osteoarthristis, joint_pain, neck_pain, knee_pain, hip_joint_pain
3193,Arthritis, muscle_weakness, stiff_neck, swelling_joints, movement_stiffness
3194,(vertigo) Paroymsal  Positional Vertigo, vomiting, headache, nausea, spinning_movements
3195,Acne, skin_rash, pus_filled_pimples, blackheads, scurring
3196,Urinary tract infection, burning_micturition, bladder_discomfort, foul_smell_of urine, continuous_feel_of_urine
3197,Psoriasis, skin_rash, joint_pain, skin_peeling, silver_like_dusting
3198,Impetigo, skin_rash, high_fever, blister, red_sore_around_nose
3199,Fungal infection,itching, skin_rash, nodal_skin_eruptions, dischromic _patches
3200,Allergy, continuous_sneezing, shivering, chills, watering_from_eyes
3201,GERD, stomach_pain, acidity, ulcers_on_tongue, vomiting
3202,Chronic cholestasis,itching, vomiting, yellowish_skin, nausea
3203,Drug Reaction,itching, skin_rash, stomach_pain, burning_micturition
3204,Peptic ulcer diseae, vomiting, indigestion, loss_of_appetite, abdominal_pain
3205,AIDS, muscle_wasting, patches_in_throat, high_fever, extra_marital_contacts
3206,Diabetes , fatigue, weight_loss, restlessness, lethargy
3207,Gastroenteritis, vomiting, sunken_eyes, dehydration, diarrhoea
3208,Bronchial Asthma, fatigue, cough, high_fever, breathlessness
3209,Hypertension , headache, chest_pain, dizziness, loss_of_balance
3210,Migraine, acidity, indigestion, headache, blurred_and_distorted_vision
3211,Cervical spondylosis, back_pain, weakness_in_limbs, neck_pain, dizziness
3212,Paralysis (brain hemorrhage), vomiting, headache, weakness_of_one_body_side, altered_sensorium
3213,Jaundice,itching, vomiting, fatigue, weight_loss
3214,Malaria, chills, vomiting, high_fever, sweating
3215,Chicken pox,itching, skin_rash, fatigue, lethargy
3216,Dengue, skin_rash, chills, joint_pain, vomiting
3217,Typhoid, chills, vomiting, fatigue, high_fever
3218,hepatitis A, joint_pain, vomiting, yellowish_skin, dark_urine
3219,Hepatitis B,itching, fatigue, lethargy, yellowish_skin
3220,Hepatitis C, fatigue, yellowish_skin, nausea, loss_of_appetite
3221,Hepatitis D, joint_pain, vomiting, fatigue, yellowish_skin
3222,Hepatitis E, joint_pain, vomiting, fatigue, high_fever
3223,Alcoholic hepatitis, vomiting, yellowish_skin, abdominal_pain, swelling_of_stomach
3224,Tuberculosis, chills, vomiting, fatigue, weight_loss
3225,Common Cold, continuous_sneezing, chills, fatigue, cough
3226,Pneumonia, chills, fatigue, cough, high_fever
3227,Dimorphic hemmorhoids(piles), constipation, pain_during_bowel_movements, pain_in_anal_region, bloody_stool
3228,Heart attack, vomiting, breathlessness, sweating, chest_pain
3229,Varicose veins, fatigue, cramps, bruising, obesity
3230,Hypothyroidism, fatigue, weight_gain, cold_hands_and_feets, mood_swings
3231,Hyperthyroidism, fatigue, mood_swings, weight_loss, restlessness
3232,Hypoglycemia, vomiting, fatigue, anxiety, sweating
3233,Osteoarthristis, joint_pain, neck_pain, knee_pain, hip_joint_pain
3234,Arthritis, muscle_weakness, stiff_neck, swelling_joints, movement_stiffness
3235,(vertigo) Paroymsal  Positional Vertigo, vomiting, headache, nausea, spinning_movements
3236,Acne, skin_rash, pus_filled_pimples, blackheads, scurring
3237,Urinary tract infection, burning_micturition, bladder_discomfort, foul_smell_of urine, continuous_feel_of_urine
3238,Psoriasis, skin_rash, joint_pain, skin_peeling, silver_like_dusting
3239,Impetigo, skin_rash, high_fever, blister, red_sore_around_nose
3240,Fungal infection,itching, skin_rash, nodal_skin_eruptions, dischromic _patches
3241,Allergy, continuous_sneezing, shivering, chills, watering_from_eyes
3242,GERD, stomach_pain, acidity, ulcers_on_tongue, vomiting
3243,Chronic cholestasis,itching, vomiting, yellowish_skin, nausea
3244,Drug Reaction,itching, skin_rash, stomach_pain, burning_micturition
3245,Peptic ulcer diseae, vomiting, indigestion, loss_of_appetite, abdominal_pain
3246,AIDS, muscle_wasting, patches_in_throat, high_fever, extra_marital_contacts
3247,Diabetes , fatigue, weight_loss, restlessness, lethargy
3248,Gastroenteritis, vomiting, sunken_eyes, dehydration, diarrhoea
3249,Bronchial Asthma, fatigue, cough, high_fever, breathlessness
3250,Hypertension , headache, chest_pain, dizziness, loss_of_balance
3251,Migraine, acidity, indigestion, headache, blurred_and_distorted_vision
3252,Cervical spondylosis, back_pain, weakness_in_limbs, neck_pain, dizziness
3253,Paralysis (brain hemorrhage), vomiting, headache, weakness_of_one_body_side, altered_sensorium
3254,Jaundice,itching, vomiting, fatigue, weight_loss
3255,Malaria, chills, vomiting, high_fever, sweating
3256,Chicken pox,itching, skin_rash, fatigue, lethargy
3257,Dengue, skin_rash, chills, joint_pain, vomiting
3258,Typhoid, chills, vomiting, fatigue, high_fever
3259,hepatitis A, joint_pain, vomiting, yellowish_skin, dark_urine
3260,Hepatitis B,itching, fatigue, lethargy, yellowish_skin
3261,Hepatitis C, fatigue, yellowish_skin, nausea, loss_of_appetite
3262,Hepatitis D, joint_pain, vomiting, fatigue, yellowish_skin
3263,Hepatitis E, joint_pain, vomiting, fatigue, high_fever
3264,Alcoholic hepatitis, vomiting, yellowish_skin, abdominal_pain, swelling_of_stomach
3265,Tuberculosis, chills, vomiting, fatigue, weight_loss
3266,Common Cold, continuous_sneezing, chills, fatigue, cough
3267,Pneumonia, chills, fatigue, cough, high_fever
3268,Dimorphic hemmorhoids(piles), constipation, pain_during_bowel_movements, pain_in_anal_region, bloody_stool
3269,Heart attack, vomiting, breathlessness, sweating, chest_pain
3270,Varicose veins, fatigue, cramps, bruising, obesity
3271,Hypothyroidism, fatigue, weight_gain, cold_hands_and_feets, mood_swings
3272,Hyperthyroidism, fatigue, mood_swings, weight_loss, restlessness
3273,Hypoglycemia, vomiting, fatigue, anxiety, sweating
3274,Osteoarthristis, joint_pain, neck_pain, knee_pain, hip_joint_pain
3275,Arthritis, muscle_weakness, stiff_neck, swelling_joints, movement_stiffness
3276,(vertigo) Paroymsal  Positional Vertigo, vomiting, headache, nausea, spinning_movements
3277,Acne, skin_rash, pus_filled_pimples, blackheads, scurring
3278,Urinary tract infection, burning_micturition, bladder_discomfort, foul_smell_of urine, continuous_feel_of_urine
3279,Psoriasis, skin_rash, joint_pain, skin_peeling, silver_like_dusting
3280,Impetigo, skin_rash, high_fever, blister, red_sore_around_nose
3281,Fungal infection,itching, skin_rash, nodal_skin_eruptions, dischromic _patches
3282,Allergy, continuous_sneezing, shivering, chills, watering_from_eyes
3283,GERD, stomach_pain, acidity, ulcers_on_tongue, vomiting
3284,Chronic cholestasis,itching, vomiting, yellowish_skin, nausea
3285,Drug Reaction,itching, skin_rash, stomach_pain, burning_micturition
3286,Peptic ulcer diseae, vomiting, indigestion, loss_of_appetite, abdominal_pain
3287,AIDS, muscle_wasting, patches_in_throat, high_fever, extra_marital_contacts
3288,Diabetes , fatigue, weight_loss, restlessness, lethargy
3289,Gastroenteritis, vomiting, sunken_eyes, dehydration, diarrhoea
3290,Bronchial Asthma, fatigue, cough, high_fever, breathlessness
3291,Hypertension , headache, chest_pain, dizziness, loss_of_balance
3292,Migraine, acidity, indigestion, headache, blurred_and_distorted_vision
3293,Cervical spondylosis, back_pain, weakness_in_limbs, neck_pain, dizziness
3294,Paralysis (brain hemorrhage), vomiting, headache, weakness_of_one_body_side, altered_sensorium
3295,Jaundice,itching, vomiting, fatigue, weight_loss
3296,Malaria, chills, vomiting, high_fever, sweating
3297,Chicken pox,itching, skin_rash, fatigue, lethargy
3298,Dengue, skin_rash, chills, joint_pain, vomiting
3299,Typhoid, chills, vomiting, fatigue, high_fever
3300,hepatitis A, joint_pain, vomiting, yellowish_skin, dark_urine
3301,Hepatitis B,itching, fatigue, lethargy, yellowish_skin
3302,Hepatitis C, fatigue, yellowish_skin, nausea, loss_of_appetite
3303,Hepatitis D, joint_pain, vomiting, fatigue, yellowish_skin
3304,Hepatitis E, joint_pain, vomiting, fatigue, high_fever
3305,Alcoholic hepatitis, vomiting, yellowish_skin, abdominal_pain, swelling_of_stomach
3306,Tuberculosis, chills, vomiting, fatigue, weight_loss
3307,Common Cold, continuous_sneezing, chills, fatigue, cough
3308,Pneumonia, chills, fatigue, cough, high_fever
3309,Dimorphic hemmorhoids(piles), constipation, pain_during_bowel_movements, pain_in_anal_region, bloody_stool
3310,Heart attack, vomiting, breathlessness, sweating, chest_pain
3311,Varicose veins, fatigue, cramps, bruising, obesity
3312,Hypothyroidism, fatigue, weight_gain, cold_hands_and_feets, mood_swings
3313,Hyperthyroidism, fatigue, mood_swings, weight_loss, restlessness
3314,Hypoglycemia, vomiting, fatigue, anxiety, sweating
3315,Osteoarthristis, joint_pain, neck_pain, knee_pain, hip_joint_pain
3316,Arthritis, muscle_weakness, stiff_neck, swelling_joints, movement_stiffness
3317,(vertigo) Paroymsal  Positional Vertigo, vomiting, headache, nausea, spinning_movements
3318,Acne, skin_rash, pus_filled_pimples, blackheads, scurring
3319,Urinary tract infection, burning_micturition, bladder_discomfort, foul_smell_of urine, continuous_feel_of_urine
3320,Psoriasis, skin_rash, joint_pain, skin_peeling, silver_like_dusting
3321,Impetigo, skin_rash, high_fever, blister, red_sore_around_nose
3322,Fungal infection,itching, skin_rash, nodal_skin_eruptions, dischromic _patches
3323,Allergy, continuous_sneezing, shivering, chills, watering_from_eyes
3324,GERD, stomach_pain, acidity, ulcers_on_tongue, vomiting
3325,Chronic cholestasis,itching, vomiting, yellowish_skin, nausea
3326,Drug Reaction,itching, skin_rash, stomach_pain, burning_micturition
3327,Peptic ulcer diseae, vomiting, indigestion, loss_of_appetite, abdominal_pain
3328,AIDS, muscle_wasting, patches_in_throat, high_fever, extra_marital_contacts
3329,Diabetes , fatigue, weight_loss, restlessness, lethargy
3330,Gastroenteritis, vomiting, sunken_eyes, dehydration, diarrhoea
3331,Bronchial Asthma, fatigue, cough, high_fever, breathlessness
3332,Hypertension , headache, chest_pain, dizziness, loss_of_balance
3333,Migraine, acidity, indigestion, headache, blurred_and_distorted_vision
3334,Cervical spondylosis, back_pain, weakness_in_limbs, neck_pain, dizziness
3335,Paralysis (brain hemorrhage), vomiting, headache, weakness_of_one_body_side, altered_sensorium
3336,Jaundice,itching, vomiting, fatigue, weight_loss
3337,Malaria, chills, vomiting, high_fever, sweating
3338,Chicken pox,itching, skin_rash, fatigue, lethargy
3339,Dengue, skin_rash, chills, joint_pain, vomiting
3340,Typhoid, chills, vomiting, fatigue, high_fever
3341,hepatitis A, joint_pain, vomiting, yellowish_skin, dark_urine
3342,Hepatitis B,itching, fatigue, lethargy, yellowish_skin
3343,Hepatitis C, fatigue, yellowish_skin, nausea, loss_of_appetite
3344,Hepatitis D, joint_pain, vomiting, fatigue, yellowish_skin
3345,Hepatitis E, joint_pain, vomiting, fatigue, high_fever
3346,Alcoholic hepatitis, vomiting, yellowish_skin, abdominal_pain, swelling_of_stomach
3347,Tuberculosis, chills, vomiting, fatigue, weight_loss
3348,Common Cold, continuous_sneezing, chills, fatigue, cough
3349,Pneumonia, chills, fatigue, cough, high_fever
3350,Dimorphic hemmorhoids(piles), constipation, pain_during_bowel_movements, pain_in_anal_region, bloody_stool
3351,Heart attack, vomiting, breathlessness, sweating, chest_pain
3352,Varicose veins, fatigue, cramps, bruising, obesity
3353,Hypothyroidism, fatigue, weight_gain, cold_hands_and_feets, mood_swings
3354,Hyperthyroidism, fatigue, mood_swings, weight_loss, restlessness
3355,Hypoglycemia, vomiting, fatigue, anxiety, sweating
3356,Osteoarthristis, joint_pain, neck_pain, knee_pain, hip_joint_pain
3357,Arthritis, muscle_weakness, stiff_neck, swelling_joints, movement_stiffness
3358,(vertigo) Paroymsal  Positional Vertigo, vomiting, headache, nausea, spinning_movements
3359,Acne, skin_rash, pus_filled_pimples, blackheads, scurring
3360,Urinary tract infection, burning_micturition, bladder_discomfort, foul_smell_of urine, continuous_feel_of_urine
3361,Psoriasis, skin_rash, joint_pain, skin_peeling, silver_like_dusting
3362,Impetigo, skin_rash, high_fever, blister, red_sore_around_nose
3363,Fungal infection,itching, skin_rash, nodal_skin_eruptions, dischromic _patches
3364,Allergy, continuous_sneezing, shivering, chills, watering_from_eyes
3365,GERD, stomach_pain, acidity, ulcers_on_tongue, vomiting
3366,Chronic cholestasis,itching, vomiting, yellowish_skin, nausea
3367,Drug Reaction,itching, skin_rash, stomach_pain, burning_micturition
3368,Peptic ulcer diseae, vomiting, indigestion, loss_of_appetite, abdominal_pain
3369,AIDS, muscle_wasting, patches_in_throat, high_fever, extra_marital_contacts
3370,Diabetes , fatigue, weight_loss, restlessness, lethargy
3371,Gastroenteritis, vomiting, sunken_eyes, dehydration, diarrhoea
3372,Bronchial Asthma, fatigue, cough, high_fever, breathlessness
3373,Hypertension , headache, chest_pain, dizziness, loss_of_balance
3374,Migraine, acidity, indigestion, headache, blurred_and_distorted_vision
3375,Cervical spondylosis, back_pain, weakness_in_limbs, neck_pain, dizziness
3376,Paralysis (brain hemorrhage), vomiting, headache, weakness_of_one_body_side, altered_sensorium
3377,Jaundice,itching, vomiting, fatigue, weight_loss
3378,Malaria, chills, vomiting, high_fever, sweating
3379,Chicken pox,itching, skin_rash, fatigue, lethargy
3380,Dengue, skin_rash, chills, joint_pain, vomiting
3381,Typhoid, chills, vomiting, fatigue, high_fever
3382,hepatitis A, joint_pain, vomiting, yellowish_skin, dark_urine
3383,Hepatitis B,itching, fatigue, lethargy, yellowish_skin
3384,Hepatitis C, fatigue, yellowish_skin, nausea, loss_of_appetite
3385,Hepatitis D, joint_pain, vomiting, fatigue, yellowish_skin
3386,Hepatitis E, joint_pain, vomiting, fatigue, high_fever
3387,Alcoholic hepatitis, vomiting, yellowish_skin, abdominal_pain, swelling_of_stomach
3388,Tuberculosis, chills, vomiting, fatigue, weight_loss
3389,Common Cold, continuous_sneezing, chills, fatigue, cough
3390,Pneumonia, chills, fatigue, cough, high_fever
3391,Dimorphic hemmorhoids(piles), constipation, pain_during_bowel_movements, pain_in_anal_region, bloody_stool
3392,Heart attack, vomiting, breathlessness, sweating, chest_pain
3393,Varicose veins, fatigue, cramps, bruising, obesity
3394,Hypothyroidism, fatigue, weight_gain, cold_hands_and_feets, mood_swings
3395,Hyperthyroidism, fatigue, mood_swings, weight_loss, restlessness
3396,Hypoglycemia, vomiting, fatigue, anxiety, sweating
3397,Osteoarthristis, joint_pain, neck_pain, knee_pain, hip_joint_pain
3398,Arthritis, muscle_weakness, stiff_neck, swelling_joints, movement_stiffness
3399,(vertigo) Paroymsal  Positional Vertigo, vomiting, headache, nausea, spinning_movements
3400,Acne, skin_rash, pus_filled_pimples, blackheads, scurring
3401,Urinary tract infection, burning_micturition, bladder_discomfort, foul_smell_of urine, continuous_feel_of_urine
3402,Psoriasis, skin_rash, joint_pain, skin_peeling, silver_like_dusting
3403,Impetigo, skin_rash, high_fever, blister, red_sore_around_nose
3404,Fungal infection,itching, skin_rash, nodal_skin_eruptions, dischromic _patches
3405,Allergy, continuous_sneezing, shivering, chills, watering_from_eyes
3406,GERD, stomach_pain, acidity, ulcers_on_tongue, vomiting
3407,Chronic cholestasis,itching, vomiting, yellowish_skin, nausea
3408,Drug Reaction,itching, skin_rash, stomach_pain, burning_micturition
3409,Peptic ulcer diseae, vomiting, indigestion, loss_of_appetite, abdominal_pain
3410,AIDS, muscle_wasting, patches_in_throat, high_fever, extra_marital_contacts
3411,Diabetes , fatigue, weight_loss, restlessness, lethargy
3412,Gastroenteritis, vomiting, sunken_eyes, dehydration, diarrhoea
3413,Bronchial Asthma, fatigue, cough, high_fever, breathlessness
3414,Hypertension , headache, chest_pain, dizziness, loss_of_balance
3415,Migraine, acidity, indigestion, headache, blurred_and_distorted_vision
3416,Cervical spondylosis, back_pain, weakness_in_limbs, neck_pain, dizziness
3417,Paralysis (brain hemorrhage), vomiting, headache, weakness_of_one_body_side, altered_sensorium
3418,Jaundice,itching, vomiting, fatigue, weight_loss
3419,Malaria, chills, vomiting, high_fever, sweating
3420,Chicken pox,itching, skin_rash, fatigue, lethargy
3421,Dengue, skin_rash, chills, joint_pain, vomiting
3422,Typhoid, chills, vomiting, fatigue, high_fever
3423,hepatitis A, joint_pain, vomiting, yellowish_skin, dark_urine
3424,Hepatitis B,itching, fatigue, lethargy, yellowish_skin
3425,Hepatitis C, fatigue, yellowish_skin, nausea, loss_of_appetite
3426,Hepatitis D, joint_pain, vomiting, fatigue, yellowish_skin
3427,Hepatitis E, joint_pain, vomiting, fatigue, high_fever
3428,Alcoholic hepatitis, vomiting, yellowish_skin, abdominal_pain, swelling_of_stomach
3429,Tuberculosis, chills, vomiting, fatigue, weight_loss
3430,Common Cold, continuous_sneezing, chills, fatigue, cough
3431,Pneumonia, chills, fatigue, cough, high_fever
3432,Dimorphic hemmorhoids(piles), constipation, pain_during_bowel_movements, pain_in_anal_region, bloody_stool
3433,Heart attack, vomiting, breathlessness, sweating, chest_pain
3434,Varicose veins, fatigue, cramps, bruising, obesity
3435,Hypothyroidism, fatigue, weight_gain, cold_hands_and_feets, mood_swings
3436,Hyperthyroidism, fatigue, mood_swings, weight_loss, restlessness
3437,Hypoglycemia, vomiting, fatigue, anxiety, sweating
3438,Osteoarthristis, joint_pain, neck_pain, knee_pain, hip_joint_pain
3439,Arthritis, muscle_weakness, stiff_neck, swelling_joints, movement_stiffness
3440,(vertigo) Paroymsal  Positional Vertigo, vomiting, headache, nausea, spinning_movements
3441,Acne, skin_rash, pus_filled_pimples, blackheads, scurring
3442,Urinary tract infection, burning_micturition, bladder_discomfort, foul_smell_of urine, continuous_feel_of_urine
3443,Psoriasis, skin_rash, joint_pain, skin_peeling, silver_like_dusting
3444,Impetigo, skin_rash, high_fever, blister, red_sore_around_nose
3445,Fungal infection,itching, skin_rash, nodal_skin_eruptions, dischromic _patches
3446,Allergy, continuous_sneezing, shivering, chills, watering_from_eyes
3447,GERD, stomach_pain, acidity, ulcers_on_tongue, vomiting
3448,Chronic cholestasis,itching, vomiting, yellowish_skin, nausea
3449,Drug Reaction,itching, skin_rash, stomach_pain, burning_micturition
3450,Peptic ulcer diseae, vomiting, indigestion, loss_of_appetite, abdominal_pain
3451,AIDS, muscle_wasting, patches_in_throat, high_fever, extra_marital_contacts
3452,Diabetes , fatigue, weight_loss, restlessness, lethargy
3453,Gastroenteritis, vomiting, sunken_eyes, dehydration, diarrhoea
3454,Bronchial Asthma, fatigue, cough, high_fever, breathlessness
3455,Hypertension , headache, chest_pain, dizziness, loss_of_balance
3456,Migraine, acidity, indigestion, headache, blurred_and_distorted_vision
3457,Cervical spondylosis, back_pain, weakness_in_limbs, neck_pain, dizziness
3458,Paralysis (brain hemorrhage), vomiting, headache, weakness_of_one_body_side, altered_sensorium
3459,Jaundice,itching, vomiting, fatigue, weight_loss
3460,Malaria, chills, vomiting, high_fever, sweating
3461,Chicken pox,itching, skin_rash, fatigue, lethargy
3462,Dengue, skin_rash, chills, joint_pain, vomiting
3463,Typhoid, chills, vomiting, fatigue, high_fever
3464,hepatitis A, joint_pain, vomiting, yellowish_skin, dark_urine
3465,Hepatitis B,itching, fatigue, lethargy, yellowish_skin
3466,Hepatitis C, fatigue, yellowish_skin, nausea, loss_of_appetite
3467,Hepatitis D, joint_pain, vomiting, fatigue, yellowish_skin
3468,Hepatitis E, joint_pain, vomiting, fatigue, high_fever
3469,Alcoholic hepatitis, vomiting, yellowish_skin, abdominal_pain, swelling_of_stomach
3470,Tuberculosis, chills, vomiting, fatigue, weight_loss
3471,Common Cold, continuous_sneezing, chills, fatigue, cough
3472,Pneumonia, chills, fatigue, cough, high_fever
3473,Dimorphic hemmorhoids(piles), constipation, pain_during_bowel_movements, pain_in_anal_region, bloody_stool
3474,Heart attack, vomiting, breathlessness, sweating, chest_pain
3475,Varicose veins, fatigue, cramps, bruising, obesity
3476,Hypothyroidism, fatigue, weight_gain, cold_hands_and_feets, mood_swings
3477,Hyperthyroidism, fatigue, mood_swings, weight_loss, restlessness
3478,Hypoglycemia, vomiting, fatigue, anxiety, sweating
3479,Osteoarthristis, joint_pain, neck_pain, knee_pain, hip_joint_pain
3480,Arthritis, muscle_weakness, stiff_neck, swelling_joints, movement_stiffness
3481,(vertigo) Paroymsal  Positional Vertigo, vomiting, headache, nausea, spinning_movements
3482,Acne, skin_rash, pus_filled_pimples, blackheads, scurring
3483,Urinary tract infection, burning_micturition, bladder_discomfort, foul_smell_of urine, continuous_feel_of_urine
3484,Psoriasis, skin_rash, joint_pain, skin_peeling, silver_like_dusting
3485,Impetigo, skin_rash, high_fever, blister, red_sore_around_nose
3486,Fungal infection,itching, skin_rash, nodal_skin_eruptions, dischromic _patches
3487,Allergy, continuous_sneezing, shivering, chills, watering_from_eyes
3488,GERD, stomach_pain, acidity, ulcers_on_tongue, vomiting
3489,Chronic cholestasis,itching, vomiting, yellowish_skin, nausea
3490,Drug Reaction,itching, skin_rash, stomach_pain, burning_micturition
3491,Peptic ulcer diseae, vomiting, indigestion, loss_of_appetite, abdominal_pain
3492,AIDS, muscle_wasting, patches_in_throat, high_fever, extra_marital_contacts
3493,Diabetes , fatigue, weight_loss, restlessness, lethargy
3494,Gastroenteritis, vomiting, sunken_eyes, dehydration, diarrhoea
3495,Bronchial Asthma, fatigue, cough, high_fever, breathlessness
3496,Hypertension , headache, chest_pain, dizziness, loss_of_balance
3497,Migraine, acidity, indigestion, headache, blurred_and_distorted_vision
3498,Cervical spondylosis, back_pain, weakness_in_limbs, neck_pain, dizziness
3499,Paralysis (brain hemorrhage), vomiting, headache, weakness_of_one_body_side, altered_sensorium
3500,Jaundice,itching, vomiting, fatigue, weight_loss
3501,Malaria, chills, vomiting, high_fever, sweating
3502,Chicken pox,itching, skin_rash, fatigue, lethargy
3503,Dengue, skin_rash, chills, joint_pain, vomiting
3504,Typhoid, chills, vomiting, fatigue, high_fever
3505,hepatitis A, joint_pain, vomiting, yellowish_skin, dark_urine
3506,Hepatitis B,itching, fatigue, lethargy, yellowish_skin
3507,Hepatitis C, fatigue, yellowish_skin, nausea, loss_of_appetite
3508,Hepatitis D, joint_pain, vomiting, fatigue, yellowish_skin
3509,Hepatitis E, joint_pain, vomiting, fatigue, high_fever
3510,Alcoholic hepatitis, vomiting, yellowish_skin, abdominal_pain, swelling_of_stomach
3511,Tuberculosis, chills, vomiting, fatigue, weight_loss
3512,Common Cold, continuous_sneezing, chills, fatigue, cough
3513,Pneumonia, chills, fatigue, cough, high_fever
3514,Dimorphic hemmorhoids(piles), constipation, pain_during_bowel_movements, pain_in_anal_region, bloody_stool
3515,Heart attack, vomiting, breathlessness, sweating, chest_pain
3516,Varicose veins, fatigue, cramps, bruising, obesity
3517,Hypothyroidism, fatigue, weight_gain, cold_hands_and_feets, mood_swings
3518,Hyperthyroidism, fatigue, mood_swings, weight_loss, restlessness
3519,Hypoglycemia, vomiting, fatigue, anxiety, sweating
3520,Osteoarthristis, joint_pain, neck_pain, knee_pain, hip_joint_pain
3521,Arthritis, muscle_weakness, stiff_neck, swelling_joints, movement_stiffness
3522,(vertigo) Paroymsal  Positional Vertigo, vomiting, headache, nausea, spinning_movements
3523,Acne, skin_rash, pus_filled_pimples, blackheads, scurring
3524,Urinary tract infection, burning_micturition, bladder_discomfort, foul_smell_of urine, continuous_feel_of_urine
3525,Psoriasis, skin_rash, joint_pain, skin_peeling, silver_like_dusting
3526,Impetigo, skin_rash, high_fever, blister, red_sore_around_nose
3527,Fungal infection,itching, skin_rash, nodal_skin_eruptions, dischromic _patches
3528,Allergy, continuous_sneezing, shivering, chills, watering_from_eyes
3529,GERD, stomach_pain, acidity, ulcers_on_tongue, vomiting
3530,Chronic cholestasis,itching, vomiting, yellowish_skin, nausea
3531,Drug Reaction,itching, skin_rash, stomach_pain, burning_micturition
3532,Peptic ulcer diseae, vomiting, indigestion, loss_of_appetite, abdominal_pain
3533,AIDS, muscle_wasting, patches_in_throat, high_fever, extra_marital_contacts
3534,Diabetes , fatigue, weight_loss, restlessness, lethargy
3535,Gastroenteritis, vomiting, sunken_eyes, dehydration, diarrhoea
3536,Bronchial Asthma, fatigue, cough, high_fever, breathlessness
3537,Hypertension , headache, chest_pain, dizziness, loss_of_balance
3538,Migraine, acidity, indigestion, headache, blurred_and_distorted_vision
3539,Cervical spondylosis, back_pain, weakness_in_limbs, neck_pain, dizziness
3540,Paralysis (brain hemorrhage), vomiting, headache, weakness_of_one_body_side, altered_sensorium
3541,Jaundice,itching, vomiting, fatigue, weight_loss
3542,Malaria, chills, vomiting, high_fever, sweating
3543,Chicken pox,itching, skin_rash, fatigue, lethargy
3544,Dengue, skin_rash, chills, joint_pain, vomiting
3545,Typhoid, chills, vomiting, fatigue, high_fever
3546,hepatitis A, joint_pain, vomiting, yellowish_skin, dark_urine
3547,Hepatitis B,itching, fatigue, lethargy, yellowish_skin
3548,Hepatitis C, fatigue, yellowish_skin, nausea, loss_of_appetite
3549,Hepatitis D, joint_pain, vomiting, fatigue, yellowish_skin
3550,Hepatitis E, joint_pain, vomiting, fatigue, high_fever
3551,Alcoholic hepatitis, vomiting, yellowish_skin, abdominal_pain, swelling_of_stomach
3552,Tuberculosis, chills, vomiting, fatigue, weight_loss
3553,Common Cold, continuous_sneezing, chills, fatigue, cough
3554,Pneumonia, chills, fatigue, cough, high_fever
3555,Dimorphic hemmorhoids(piles), constipation, pain_during_bowel_movements, pain_in_anal_region, bloody_stool
3556,Heart attack, vomiting, breathlessness, sweating, chest_pain
3557,Varicose veins, fatigue, cramps, bruising, obesity
3558,Hypothyroidism, fatigue, weight_gain, cold_hands_and_feets, mood_swings
3559,Hyperthyroidism, fatigue, mood_swings, weight_loss, restlessness
3560,Hypoglycemia, vomiting, fatigue, anxiety, sweating
3561,Osteoarthristis, joint_pain, neck_pain, knee_pain, hip_joint_pain
3562,Arthritis, muscle_weakness, stiff_neck, swelling_joints, movement_stiffness
3563,(vertigo) Paroymsal  Positional Vertigo, vomiting, headache, nausea, spinning_movements
3564,Acne, skin_rash, pus_filled_pimples, blackheads, scurring
3565,Urinary tract infection, burning_micturition, bladder_discomfort, foul_smell_of urine, continuous_feel_of_urine
3566,Psoriasis, skin_rash, joint_pain, skin_peeling, silver_like_dusting
3567,Impetigo, skin_rash, high_fever, blister, red_sore_around_nose
3568,Fungal infection,itching, skin_rash, nodal_skin_eruptions, dischromic _patches
3569,Allergy, continuous_sneezing, shivering, chills, watering_from_eyes
3570,GERD, stomach_pain, acidity, ulcers_on_tongue, vomiting
3571,Chronic cholestasis,itching, vomiting, yellowish_skin, nausea
3572,Drug Reaction,itching, skin_rash, stomach_pain, burning_micturition
3573,Peptic ulcer diseae, vomiting, indigestion, loss_of_appetite, abdominal_pain
3574,AIDS, muscle_wasting, patches_in_throat, high_fever, extra_marital_contacts
3575,Diabetes , fatigue, weight_loss, restlessness, lethargy
3576,Gastroenteritis, vomiting, sunken_eyes, dehydration, diarrhoea
3577,Bronchial Asthma, fatigue, cough, high_fever, breathlessness
3578,Hypertension , headache, chest_pain, dizziness, loss_of_balance
3579,Migraine, acidity, indigestion, headache, blurred_and_distorted_vision
3580,Cervical spondylosis, back_pain, weakness_in_limbs, neck_pain, dizziness
3581,Paralysis (brain hemorrhage), vomiting, headache, weakness_of_one_body_side, altered_sensorium
3582,Jaundice,itching, vomiting, fatigue, weight_loss
3583,Malaria, chills, vomiting, high_fever, sweating
3584,Chicken pox,itching, skin_rash, fatigue, lethargy
3585,Dengue, skin_rash, chills, joint_pain, vomiting
3586,Typhoid, chills, vomiting, fatigue, high_fever
3587,hepatitis A, joint_pain, vomiting, yellowish_skin, dark_urine
3588,Hepatitis B,itching, fatigue, lethargy, yellowish_skin
3589,Hepatitis C, fatigue, yellowish_skin, nausea, loss_of_appetite
3590,Hepatitis D, joint_pain, vomiting, fatigue, yellowish_skin
3591,Hepatitis E, joint_pain, vomiting, fatigue, high_fever
3592,Alcoholic hepatitis, vomiting, yellowish_skin, abdominal_pain, swelling_of_stomach
3593,Tuberculosis, chills, vomiting, fatigue, weight_loss
3594,Common Cold, continuous_sneezing, chills, fatigue, cough
3595,Pneumonia, chills, fatigue, cough, high_fever
3596,Dimorphic hemmorhoids(piles), constipation, pain_during_bowel_movements, pain_in_anal_region, bloody_stool
3597,Heart attack, vomiting, breathlessness, sweating, chest_pain
3598,Varicose veins, fatigue, cramps, bruising, obesity
3599,Hypothyroidism, fatigue, weight_gain, cold_hands_and_feets, mood_swings
3600,Hyperthyroidism, fatigue, mood_swings, weight_loss, restlessness
3601,Hypoglycemia, vomiting, fatigue, anxiety, sweating
3602,Osteoarthristis, joint_pain, neck_pain, knee_pain, hip_joint_pain
3603,Arthritis, muscle_weakness, stiff_neck, swelling_joints, movement_stiffness
3604,(vertigo) Paroymsal  Positional Vertigo, vomiting, headache, nausea, spinning_movements
3605,Acne, skin_rash, pus_filled_pimples, blackheads, scurring
3606,Urinary tract infection, burning_micturition, bladder_discomfort, foul_smell_of urine, continuous_feel_of_urine
3607,Psoriasis, skin_rash, joint_pain, skin_peeling, silver_like_dusting
3608,Impetigo, skin_rash, high_fever, blister, red_sore_around_nose
3609,Fungal infection,itching, skin_rash, nodal_skin_eruptions, dischromic _patches
3610,Allergy, continuous_sneezing, shivering, chills, watering_from_eyes
3611,GERD, stomach_pain, acidity, ulcers_on_tongue, vomiting
3612,Chronic cholestasis,itching, vomiting, yellowish_skin, nausea
3613,Drug Reaction,itching, skin_rash, stomach_pain, burning_micturition
3614,Peptic ulcer diseae, vomiting, indigestion, loss_of_appetite, abdominal_pain
3615,AIDS, muscle_wasting, patches_in_throat, high_fever, extra_marital_contacts
3616,Diabetes , fatigue, weight_loss, restlessness, lethargy
3617,Gastroenteritis, vomiting, sunken_eyes, dehydration, diarrhoea
3618,Bronchial Asthma, fatigue, cough, high_fever, breathlessness
3619,Hypertension , headache, chest_pain, dizziness, loss_of_balance
3620,Migraine, acidity, indigestion, headache, blurred_and_distorted_vision
3621,Cervical spondylosis, back_pain, weakness_in_limbs, neck_pain, dizziness
3622,Paralysis (brain hemorrhage), vomiting, headache, weakness_of_one_body_side, altered_sensorium
3623,Jaundice,itching, vomiting, fatigue, weight_loss
3624,Malaria, chills, vomiting, high_fever, sweating
3625,Chicken pox,itching, skin_rash, fatigue, lethargy
3626,Dengue, skin_rash, chills, joint_pain, vomiting
3627,Typhoid, chills, vomiting, fatigue, high_fever
3628,hepatitis A, joint_pain, vomiting, yellowish_skin, dark_urine
3629,Hepatitis B,itching, fatigue, lethargy, yellowish_skin
3630,Hepatitis C, fatigue, yellowish_skin, nausea, loss_of_appetite
3631,Hepatitis D, joint_pain, vomiting, fatigue, yellowish_skin
3632,Hepatitis E, joint_pain, vomiting, fatigue, high_fever
3633,Alcoholic hepatitis, vomiting, yellowish_skin, abdominal_pain, swelling_of_stomach
3634,Tuberculosis, chills, vomiting, fatigue, weight_loss
3635,Common Cold, continuous_sneezing, chills, fatigue, cough
3636,Pneumonia, chills, fatigue, cough, high_fever
3637,Dimorphic hemmorhoids(piles), constipation, pain_during_bowel_movements, pain_in_anal_region, bloody_stool
3638,Heart attack, vomiting, breathlessness, sweating, chest_pain
3639,Varicose veins, fatigue, cramps, bruising, obesity
3640,Hypothyroidism, fatigue, weight_gain, cold_hands_and_feets, mood_swings
3641,Hyperthyroidism, fatigue, mood_swings, weight_loss, restlessness
3642,Hypoglycemia, vomiting, fatigue, anxiety, sweating
3643,Osteoarthristis, joint_pain, neck_pain, knee_pain, hip_joint_pain
3644,Arthritis, muscle_weakness, stiff_neck, swelling_joints, movement_stiffness
3645,(vertigo) Paroymsal  Positional Vertigo, vomiting, headache, nausea, spinning_movements
3646,Acne, skin_rash, pus_filled_pimples, blackheads, scurring
3647,Urinary tract infection, burning_micturition, bladder_discomfort, foul_smell_of urine, continuous_feel_of_urine
3648,Psoriasis, skin_rash, joint_pain, skin_peeling, silver_like_dusting
3649,Impetigo, skin_rash, high_fever, blister, red_sore_around_nose
3650,Fungal infection,itching, skin_rash, nodal_skin_eruptions, dischromic _patches
3651,Allergy, continuous_sneezing, shivering, chills, watering_from_eyes
3652,GERD, stomach_pain, acidity, ulcers_on_tongue, vomiting
3653,Chronic cholestasis,itching, vomiting, yellowish_skin, nausea
3654,Drug Reaction,itching, skin_rash, stomach_pain, burning_micturition
3655,Peptic ulcer diseae, vomiting, indigestion, loss_of_appetite, abdominal_pain
3656,AIDS, muscle_wasting, patches_in_throat, high_fever, extra_marital_contacts
3657,Diabetes , fatigue, weight_loss, restlessness, lethargy
3658,Gastroenteritis, vomiting, sunken_eyes, dehydration, diarrhoea
3659,Bronchial Asthma, fatigue, cough, high_fever, breathlessness
3660,Hypertension , headache, chest_pain, dizziness, loss_of_balance
3661,Migraine, acidity, indigestion, headache, blurred_and_distorted_vision
3662,Cervical spondylosis, back_pain, weakness_in_limbs, neck_pain, dizziness
3663,Paralysis (brain hemorrhage), vomiting, headache, weakness_of_one_body_side, altered_sensorium
3664,Jaundice,itching, vomiting, fatigue, weight_loss
3665,Malaria, chills, vomiting, high_fever, sweating
3666,Chicken pox,itching, skin_rash, fatigue, lethargy
3667,Dengue, skin_rash, chills, joint_pain, vomiting
3668,Typhoid, chills, vomiting, fatigue, high_fever
3669,hepatitis A, joint_pain, vomiting, yellowish_skin, dark_urine
3670,Hepatitis B,itching, fatigue, lethargy, yellowish_skin
3671,Hepatitis C, fatigue, yellowish_skin, nausea, loss_of_appetite
3672,Hepatitis D, joint_pain, vomiting, fatigue, yellowish_skin
3673,Hepatitis E, joint_pain, vomiting, fatigue, high_fever
3674,Alcoholic hepatitis, vomiting, yellowish_skin, abdominal_pain, swelling_of_stomach
3675,Tuberculosis, chills, vomiting, fatigue, weight_loss
3676,Common Cold, continuous_sneezing, chills, fatigue, cough
3677,Pneumonia, chills, fatigue, cough, high_fever
3678,Dimorphic hemmorhoids(piles), constipation, pain_during_bowel_movements, pain_in_anal_region, bloody_stool
3679,Heart attack, vomiting, breathlessness, sweating, chest_pain
3680,Varicose veins, fatigue, cramps, bruising, obesity
3681,Hypothyroidism, fatigue, weight_gain, cold_hands_and_feets, mood_swings
3682,Hyperthyroidism, fatigue, mood_swings, weight_loss, restlessness
3683,Hypoglycemia, vomiting, fatigue, anxiety, sweating
3684,Osteoarthristis, joint_pain, neck_pain, knee_pain, hip_joint_pain
3685,Arthritis, muscle_weakness, stiff_neck, swelling_joints, movement_stiffness
3686,(vertigo) Paroymsal  Positional Vertigo, vomiting, headache, nausea, spinning_movements
3687,Acne, skin_rash, pus_filled_pimples, blackheads, scurring
3688,Urinary tract infection, burning_micturition, bladder_discomfort, foul_smell_of urine, continuous_feel_of_urine
3689,Psoriasis, skin_rash, joint_pain, skin_peeling, silver_like_dusting
3690,Impetigo, skin_rash, high_fever, blister, red_sore_around_nose
3691,Fungal infection,itching, skin_rash, nodal_skin_eruptions, dischromic _patches
3692,Allergy, continuous_sneezing, shivering, chills, watering_from_eyes
3693,GERD, stomach_pain, acidity, ulcers_on_tongue, vomiting
3694,Chronic cholestasis,itching, vomiting, yellowish_skin, nausea
3695,Drug Reaction,itching, skin_rash, stomach_pain, burning_micturition
3696,Peptic ulcer diseae, vomiting, indigestion, loss_of_appetite, abdominal_pain
3697,AIDS, muscle_wasting, patches_in_throat, high_fever, extra_marital_contacts
3698,Diabetes , fatigue, weight_loss, restlessness, lethargy
3699,Gastroenteritis, vomiting, sunken_eyes, dehydration, diarrhoea
3700,Bronchial Asthma, fatigue, cough, high_fever, breathlessness
3701,Hypertension , headache, chest_pain, dizziness, loss_of_balance
3702,Migraine, acidity, indigestion, headache, blurred_and_distorted_vision
3703,Cervical spondylosis, back_pain, weakness_in_limbs, neck_pain, dizziness
3704,Paralysis (brain hemorrhage), vomiting, headache, weakness_of_one_body_side, altered_sensorium
3705,Jaundice,itching, vomiting, fatigue, weight_loss
3706,Malaria, chills, vomiting, high_fever, sweating
3707,Chicken pox,itching, skin_rash, fatigue, lethargy
3708,Dengue, skin_rash, chills, joint_pain, vomiting
3709,Typhoid, chills, vomiting, fatigue, high_fever
3710,hepatitis A, joint_pain, vomiting, yellowish_skin, dark_urine
3711,Hepatitis B,itching, fatigue, lethargy, yellowish_skin
3712,Hepatitis C, fatigue, yellowish_skin, nausea, loss_of_appetite
3713,Hepatitis D, joint_pain, vomiting, fatigue, yellowish_skin
3714,Hepatitis E, joint_pain, vomiting, fatigue, high_fever
3715,Alcoholic hepatitis, vomiting, yellowish_skin, abdominal_pain, swelling_of_stomach
3716,Tuberculosis, chills, vomiting, fatigue, weight_loss
3717,Common Cold, continuous_sneezing, chills, fatigue, cough
3718,Pneumonia, chills, fatigue, cough, high_fever
3719,Dimorphic hemmorhoids(piles), constipation, pain_during_bowel_movements, pain_in_anal_region, bloody_stool
3720,Heart attack, vomiting, breathlessness, sweating, chest_pain
3721,Varicose veins, fatigue, cramps, bruising, obesity
3722,Hypothyroidism, fatigue, weight_gain, cold_hands_and_feets, mood_swings
3723,Hyperthyroidism, fatigue, mood_swings, weight_loss, restlessness
3724,Hypoglycemia, vomiting, fatigue, anxiety, sweating
3725,Osteoarthristis, joint_pain, neck_pain, knee_pain, hip_joint_pain
3726,Arthritis, muscle_weakness, stiff_neck, swelling_joints, movement_stiffness
3727,(vertigo) Paroymsal  Positional Vertigo, vomiting, headache, nausea, spinning_movements
3728,Acne, skin_rash, pus_filled_pimples, blackheads, scurring
3729,Urinary tract infection, burning_micturition, bladder_discomfort, foul_smell_of urine, continuous_feel_of_urine
3730,Psoriasis, skin_rash, joint_pain, skin_peeling, silver_like_dusting
3731,Impetigo, skin_rash, high_fever, blister, red_sore_around_nose
3732,Fungal infection,itching, skin_rash, nodal_skin_eruptions, dischromic _patches
3733,Allergy, continuous_sneezing, shivering, chills, watering_from_eyes
3734,GERD, stomach_pain, acidity, ulcers_on_tongue, vomiting
3735,Chronic cholestasis,itching, vomiting, yellowish_skin, nausea
3736,Drug Reaction,itching, skin_rash, stomach_pain, burning_micturition
3737,Peptic ulcer diseae, vomiting, indigestion, loss_of_appetite, abdominal_pain
3738,AIDS, muscle_wasting, patches_in_throat, high_fever, extra_marital_contacts
3739,Diabetes , fatigue, weight_loss, restlessness, lethargy
3740,Gastroenteritis, vomiting, sunken_eyes, dehydration, diarrhoea
3741,Bronchial Asthma, fatigue, cough, high_fever, breathlessness
3742,Hypertension , headache, chest_pain, dizziness, loss_of_balance
3743,Migraine, acidity, indigestion, headache, blurred_and_distorted_vision
3744,Cervical spondylosis, back_pain, weakness_in_limbs, neck_pain, dizziness
3745,Paralysis (brain hemorrhage), vomiting, headache, weakness_of_one_body_side, altered_sensorium
3746,Jaundice,itching, vomiting, fatigue, weight_loss
3747,Malaria, chills, vomiting, high_fever, sweating
3748,Chicken pox,itching, skin_rash, fatigue, lethargy
3749,Dengue, skin_rash, chills, joint_pain, vomiting
3750,Typhoid, chills, vomiting, fatigue, high_fever
3751,hepatitis A, joint_pain, vomiting, yellowish_skin, dark_urine
3752,Hepatitis B,itching, fatigue, lethargy, yellowish_skin
3753,Hepatitis C, fatigue, yellowish_skin, nausea, loss_of_appetite
3754,Hepatitis D, joint_pain, vomiting, fatigue, yellowish_skin
3755,Hepatitis E, joint_pain, vomiting, fatigue, high_fever
3756,Alcoholic hepatitis, vomiting, yellowish_skin, abdominal_pain, swelling_of_stomach
3757,Tuberculosis, chills, vomiting, fatigue, weight_loss
3758,Common Cold, continuous_sneezing, chills, fatigue, cough
3759,Pneumonia, chills, fatigue, cough, high_fever
3760,Dimorphic hemmorhoids(piles), constipation, pain_during_bowel_movements, pain_in_anal_region, bloody_stool
3761,Heart attack, vomiting, breathlessness, sweating, chest_pain
3762,Varicose veins, fatigue, cramps, bruising, obesity
3763,Hypothyroidism, fatigue, weight_gain, cold_hands_and_feets, mood_swings
3764,Hyperthyroidism, fatigue, mood_swings, weight_loss, restlessness
3765,Hypoglycemia, vomiting, fatigue, anxiety, sweating
3766,Osteoarthristis, joint_pain, neck_pain, knee_pain, hip_joint_pain
3767,Arthritis, muscle_weakness, stiff_neck, swelling_joints, movement_stiffness
3768,(vertigo) Paroymsal  Positional Vertigo, vomiting, headache, nausea, spinning_movements
3769,Acne, skin_rash, pus_filled_pimples, blackheads, scurring
3770,Urinary tract infection, burning_micturition, bladder_discomfort, foul_smell_of urine, continuous_feel_of_urine
3771,Psoriasis, skin_rash, joint_pain, skin_peeling, silver_like_dusting
3772,Impetigo, skin_rash, high_fever, blister, red_sore_around_nose
3773,Fungal infection,itching, skin_rash, nodal_skin_eruptions, dischromic _patches
3774,Allergy, continuous_sneezing, shivering, chills, watering_from_eyes
3775,GERD, stomach_pain, acidity, ulcers_on_tongue, vomiting
3776,Chronic cholestasis,itching, vomiting, yellowish_skin, nausea
3777,Drug Reaction,itching, skin_rash, stomach_pain, burning_micturition
3778,Peptic ulcer diseae, vomiting, indigestion, loss_of_appetite, abdominal_pain
3779,AIDS, muscle_wasting, patches_in_throat, high_fever, extra_marital_contacts
3780,Diabetes , fatigue, weight_loss, restlessness, lethargy
3781,Gastroenteritis, vomiting, sunken_eyes, dehydration, diarrhoea
3782,Bronchial Asthma, fatigue, cough, high_fever, breathlessness
3783,Hypertension , headache, chest_pain, dizziness, loss_of_balance
3784,Migraine, acidity, indigestion, headache, blurred_and_distorted_vision
3785,Cervical spondylosis, back_pain, weakness_in_limbs, neck_pain, dizziness
3786,Paralysis (brain hemorrhage), vomiting, headache, weakness_of_one_body_side, altered_sensorium
3787,Jaundice,itching, vomiting, fatigue, weight_loss
3788,Malaria, chills, vomiting, high_fever, sweating
3789,Chicken pox,itching, skin_rash, fatigue, lethargy
3790,Dengue, skin_rash, chills, joint_pain, vomiting
3791,Typhoid, chills, vomiting, fatigue, high_fever
3792,hepatitis A, joint_pain, vomiting, yellowish_skin, dark_urine
3793,Hepatitis B,itching, fatigue, lethargy, yellowish_skin
3794,Hepatitis C, fatigue, yellowish_skin, nausea, loss_of_appetite
3795,Hepatitis D, joint_pain, vomiting, fatigue, yellowish_skin
3796,Hepatitis E, joint_pain, vomiting, fatigue, high_fever
3797,Alcoholic hepatitis, vomiting, yellowish_skin, abdominal_pain, swelling_of_stomach
3798,Tuberculosis, chills, vomiting, fatigue, weight_loss
3799,Common Cold, continuous_sneezing, chills, fatigue, cough
3800,Pneumonia, chills, fatigue, cough, high_fever
3801,Dimorphic hemmorhoids(piles), constipation, pain_during_bowel_movements, pain_in_anal_region, bloody_stool
3802,Heart attack, vomiting, breathlessness, sweating, chest_pain
3803,Varicose veins, fatigue, cramps, bruising, obesity
3804,Hypothyroidism, fatigue, weight_gain, cold_hands_and_feets, mood_swings
3805,Hyperthyroidism, fatigue, mood_swings, weight_loss, restlessness
3806,Hypoglycemia, vomiting, fatigue, anxiety, sweating
3807,Osteoarthristis, joint_pain, neck_pain, knee_pain, hip_joint_pain
3808,Arthritis, muscle_weakness, stiff_neck, swelling_joints, movement_stiffness
3809,(vertigo) Paroymsal  Positional Vertigo, vomiting, headache, nausea, spinning_movements
3810,Acne, skin_rash, pus_filled_pimples, blackheads, scurring
3811,Urinary tract infection, burning_micturition, bladder_discomfort, foul_smell_of urine, continuous_feel_of_urine
3812,Psoriasis, skin_rash, joint_pain, skin_peeling, silver_like_dusting
3813,Impetigo, skin_rash, high_fever, blister, red_sore_around_nose
3814,Fungal infection,itching, skin_rash, nodal_skin_eruptions, dischromic _patches
3815,Allergy, continuous_sneezing, shivering, chills, watering_from_eyes
3816,GERD, stomach_pain, acidity, ulcers_on_tongue, vomiting
3817,Chronic cholestasis,itching, vomiting, yellowish_skin, nausea
3818,Drug Reaction,itching, skin_rash, stomach_pain, burning_micturition
3819,Peptic ulcer diseae, vomiting, indigestion, loss_of_appetite, abdominal_pain
3820,AIDS, muscle_wasting, patches_in_throat, high_fever, extra_marital_contacts
3821,Diabetes , fatigue, weight_loss, restlessness, lethargy
3822,Gastroenteritis, vomiting, sunken_eyes, dehydration, diarrhoea
3823,Bronchial Asthma, fatigue, cough, high_fever, breathlessness
3824,Hypertension , headache, chest_pain, dizziness, loss_of_balance
3825,Migraine, acidity, indigestion, headache, blurred_and_distorted_vision
3826,Cervical spondylosis, back_pain, weakness_in_limbs, neck_pain, dizziness
3827,Paralysis (brain hemorrhage), vomiting, headache, weakness_of_one_body_side, altered_sensorium
3828,Jaundice,itching, vomiting, fatigue, weight_loss
3829,Malaria, chills, vomiting, high_fever, sweating
3830,Chicken pox,itching, skin_rash, fatigue, lethargy
3831,Dengue, skin_rash, chills, joint_pain, vomiting
3832,Typhoid, chills, vomiting, fatigue, high_fever
3833,hepatitis A, joint_pain, vomiting, yellowish_skin, dark_urine
3834,Hepatitis B,itching, fatigue, lethargy, yellowish_skin
3835,Hepatitis C, fatigue, yellowish_skin, nausea, loss_of_appetite
3836,Hepatitis D, joint_pain, vomiting, fatigue, yellowish_skin
3837,Hepatitis E, joint_pain, vomiting, fatigue, high_fever
3838,Alcoholic hepatitis, vomiting, yellowish_skin, abdominal_pain, swelling_of_stomach
3839,Tuberculosis, chills, vomiting, fatigue, weight_loss
3840,Common Cold, continuous_sneezing, chills, fatigue, cough
3841,Pneumonia, chills, fatigue, cough, high_fever
3842,Dimorphic hemmorhoids(piles), constipation, pain_during_bowel_movements, pain_in_anal_region, bloody_stool
3843,Heart attack, vomiting, breathlessness, sweating, chest_pain
3844,Varicose veins, fatigue, cramps, bruising, obesity
3845,Hypothyroidism, fatigue, weight_gain, cold_hands_and_feets, mood_swings
3846,Hyperthyroidism, fatigue, mood_swings, weight_loss, restlessness
3847,Hypoglycemia, vomiting, fatigue, anxiety, sweating
3848,Osteoarthristis, joint_pain, neck_pain, knee_pain, hip_joint_pain
3849,Arthritis, muscle_weakness, stiff_neck, swelling_joints, movement_stiffness
3850,(vertigo) Paroymsal  Positional Vertigo, vomiting, headache, nausea, spinning_movements
3851,Acne, skin_rash, pus_filled_pimples, blackheads, scurring
3852,Urinary tract infection, burning_micturition, bladder_discomfort, foul_smell_of urine, continuous_feel_of_urine
3853,Psoriasis, skin_rash, joint_pain, skin_peeling, silver_like_dusting
3854,Impetigo, skin_rash, high_fever, blister, red_sore_around_nose
3855,Fungal infection,itching, skin_rash, nodal_skin_eruptions, dischromic _patches
3856,Allergy, continuous_sneezing, shivering, chills, watering_from_eyes
3857,GERD, stomach_pain, acidity, ulcers_on_tongue, vomiting
3858,Chronic cholestasis,itching, vomiting, yellowish_skin, nausea
3859,Drug Reaction,itching, skin_rash, stomach_pain, burning_micturition
3860,Peptic ulcer diseae, vomiting, indigestion, loss_of_appetite, abdominal_pain
3861,AIDS, muscle_wasting, patches_in_throat, high_fever, extra_marital_contacts
3862,Diabetes , fatigue, weight_loss, restlessness, lethargy
3863,Gastroenteritis, vomiting, sunken_eyes, dehydration, diarrhoea
3864,Bronchial Asthma, fatigue, cough, high_fever, breathlessness
3865,Hypertension , headache, chest_pain, dizziness, loss_of_balance
3866,Migraine, acidity, indigestion, headache, blurred_and_distorted_vision
3867,Cervical spondylosis, back_pain, weakness_in_limbs, neck_pain, dizziness
3868,Paralysis (brain hemorrhage), vomiting, headache, weakness_of_one_body_side, altered_sensorium
3869,Jaundice,itching, vomiting, fatigue, weight_loss
3870,Malaria, chills, vomiting, high_fever, sweating
3871,Chicken pox,itching, skin_rash, fatigue, lethargy
3872,Dengue, skin_rash, chills, joint_pain, vomiting
3873,Typhoid, chills, vomiting, fatigue, high_fever
3874,hepatitis A, joint_pain, vomiting, yellowish_skin, dark_urine
3875,Hepatitis B,itching, fatigue, lethargy, yellowish_skin
3876,Hepatitis C, fatigue, yellowish_skin, nausea, loss_of_appetite
3877,Hepatitis D, joint_pain, vomiting, fatigue, yellowish_skin
3878,Hepatitis E, joint_pain, vomiting, fatigue, high_fever
3879,Alcoholic hepatitis, vomiting, yellowish_skin, abdominal_pain, swelling_of_stomach
3880,Tuberculosis, chills, vomiting, fatigue, weight_loss
3881,Common Cold, continuous_sneezing, chills, fatigue, cough
3882,Pneumonia, chills, fatigue, cough, high_fever
3883,Dimorphic hemmorhoids(piles), constipation, pain_during_bowel_movements, pain_in_anal_region, bloody_stool
3884,Heart attack, vomiting, breathlessness, sweating, chest_pain
3885,Varicose veins, fatigue, cramps, bruising, obesity
3886,Hypothyroidism, fatigue, weight_gain, cold_hands_and_feets, mood_swings
3887,Hyperthyroidism, fatigue, mood_swings, weight_loss, restlessness
3888,Hypoglycemia, vomiting, fatigue, anxiety, sweating
3889,Osteoarthristis, joint_pain, neck_pain, knee_pain, hip_joint_pain
3890,Arthritis, muscle_weakness, stiff_neck, swelling_joints, movement_stiffness
3891,(vertigo) Paroymsal  Positional Vertigo, vomiting, headache, nausea, spinning_movements
3892,Acne, skin_rash, pus_filled_pimples, blackheads, scurring
3893,Urinary tract infection, burning_micturition, bladder_discomfort, foul_smell_of urine, continuous_feel_of_urine
3894,Psoriasis, skin_rash, joint_pain, skin_peeling, silver_like_dusting
3895,Impetigo, skin_rash, high_fever, blister, red_sore_around_nose
3896,Fungal infection,itching, skin_rash, nodal_skin_eruptions, dischromic _patches
3897,Allergy, continuous_sneezing, shivering, chills, watering_from_eyes
3898,GERD, stomach_pain, acidity, ulcers_on_tongue, vomiting
3899,Chronic cholestasis,itching, vomiting, yellowish_skin, nausea
3900,Drug Reaction,itching, skin_rash, stomach_pain, burning_micturition
3901,Peptic ulcer diseae, vomiting, indigestion, loss_of_appetite, abdominal_pain
3902,AIDS, muscle_wasting, patches_in_throat, high_fever, extra_marital_contacts
3903,Diabetes , fatigue, weight_loss, restlessness, lethargy
3904,Gastroenteritis, vomiting, sunken_eyes, dehydration, diarrhoea
3905,Bronchial Asthma, fatigue, cough, high_fever, breathlessness
3906,Hypertension , headache, chest_pain, dizziness, loss_of_balance
3907,Migraine, acidity, indigestion, headache, blurred_and_distorted_vision
3908,Cervical spondylosis, back_pain, weakness_in_limbs, neck_pain, dizziness
3909,Paralysis (brain hemorrhage), vomiting, headache, weakness_of_one_body_side, altered_sensorium
3910,Jaundice,itching, vomiting, fatigue, weight_loss
3911,Malaria, chills, vomiting, high_fever, sweating
3912,Chicken pox,itching, skin_rash, fatigue, lethargy
3913,Dengue, skin_rash, chills, joint_pain, vomiting
3914,Typhoid, chills, vomiting, fatigue, high_fever
3915,hepatitis A, joint_pain, vomiting, yellowish_skin, dark_urine
3916,Hepatitis B,itching, fatigue, lethargy, yellowish_skin
3917,Hepatitis C, fatigue, yellowish_skin, nausea, loss_of_appetite
3918,Hepatitis D, joint_pain, vomiting, fatigue, yellowish_skin
3919,Hepatitis E, joint_pain, vomiting, fatigue, high_fever
3920,Alcoholic hepatitis, vomiting, yellowish_skin, abdominal_pain, swelling_of_stomach
3921,Tuberculosis, chills, vomiting, fatigue, weight_loss
3922,Common Cold, continuous_sneezing, chills, fatigue, cough
3923,Pneumonia, chills, fatigue, cough, high_fever
3924,Dimorphic hemmorhoids(piles), constipation, pain_during_bowel_movements, pain_in_anal_region, bloody_stool
3925,Heart attack, vomiting, breathlessness, sweating, chest_pain
3926,Varicose veins, fatigue, cramps, bruising, obesity
3927,Hypothyroidism, fatigue, weight_gain, cold_hands_and_feets, mood_swings
3928,Hyperthyroidism, fatigue, mood_swings, weight_loss, restlessness
3929,Hypoglycemia, vomiting, fatigue, anxiety, sweating
3930,Osteoarthristis, joint_pain, neck_pain, knee_pain, hip_joint_pain
3931,Arthritis, muscle_weakness, stiff_neck, swelling_joints, movement_stiffness
3932,(vertigo) Paroymsal  Positional Vertigo, vomiting, headache, nausea, spinning_movements
3933,Acne, skin_rash, pus_filled_pimples, blackheads, scurring
3934,Urinary tract infection, burning_micturition, bladder_discomfort, foul_smell_of urine, continuous_feel_of_urine
3935,Psoriasis, skin_rash, joint_pain, skin_peeling, silver_like_dusting
3936,Impetigo, skin_rash, high_fever, blister, red_sore_around_nose
3937,Fungal infection,itching, skin_rash, nodal_skin_eruptions, dischromic _patches
3938,Allergy, continuous_sneezing, shivering, chills, watering_from_eyes
3939,GERD, stomach_pain, acidity, ulcers_on_tongue, vomiting
3940,Chronic cholestasis,itching, vomiting, yellowish_skin, nausea
3941,Drug Reaction,itching, skin_rash, stomach_pain, burning_micturition
3942,Peptic ulcer diseae, vomiting, indigestion, loss_of_appetite, abdominal_pain
3943,AIDS, muscle_wasting, patches_in_throat, high_fever, extra_marital_contacts
3944,Diabetes , fatigue, weight_loss, restlessness, lethargy
3945,Gastroenteritis, vomiting, sunken_eyes, dehydration, diarrhoea
3946,Bronchial Asthma, fatigue, cough, high_fever, breathlessness
3947,Hypertension , headache, chest_pain, dizziness, loss_of_balance
3948,Migraine, acidity, indigestion, headache, blurred_and_distorted_vision
3949,Cervical spondylosis, back_pain, weakness_in_limbs, neck_pain, dizziness
3950,Paralysis (brain hemorrhage), vomiting, headache, weakness_of_one_body_side, altered_sensorium
3951,Jaundice,itching, vomiting, fatigue, weight_loss
3952,Malaria, chills, vomiting, high_fever, sweating
3953,Chicken pox,itching, skin_rash, fatigue, lethargy
3954,Dengue, skin_rash, chills, joint_pain, vomiting
3955,Typhoid, chills, vomiting, fatigue, high_fever
3956,hepatitis A, joint_pain, vomiting, yellowish_skin, dark_urine
3957,Hepatitis B,itching, fatigue, lethargy, yellowish_skin
3958,Hepatitis C, fatigue, yellowish_skin, nausea, loss_of_appetite
3959,Hepatitis D, joint_pain, vomiting, fatigue, yellowish_skin
3960,Hepatitis E, joint_pain, vomiting, fatigue, high_fever
3961,Alcoholic hepatitis, vomiting, yellowish_skin, abdominal_pain, swelling_of_stomach
3962,Tuberculosis, chills, vomiting, fatigue, weight_loss
3963,Common Cold, continuous_sneezing, chills, fatigue, cough
3964,Pneumonia, chills, fatigue, cough, high_fever
3965,Dimorphic hemmorhoids(piles), constipation, pain_during_bowel_movements, pain_in_anal_region, bloody_stool
3966,Heart attack, vomiting, breathlessness, sweating, chest_pain
3967,Varicose veins, fatigue, cramps, bruising, obesity
3968,Hypothyroidism, fatigue, weight_gain, cold_hands_and_feets, mood_swings
3969,Hyperthyroidism, fatigue, mood_swings, weight_loss, restlessness
3970,Hypoglycemia, vomiting, fatigue, anxiety, sweating
3971,Osteoarthristis, joint_pain, neck_pain, knee_pain, hip_joint_pain
3972,Arthritis, muscle_weakness, stiff_neck, swelling_joints, movement_stiffness
3973,(vertigo) Paroymsal  Positional Vertigo, vomiting, headache, nausea, spinning_movements
3974,Acne, skin_rash, pus_filled_pimples, blackheads, scurring
3975,Urinary tract infection, burning_micturition, bladder_discomfort, foul_smell_of urine, continuous_feel_of_urine
3976,Psoriasis, skin_rash, joint_pain, skin_peeling, silver_like_dusting
3977,Impetigo, skin_rash, high_fever, blister, red_sore_around_nose
3978,Fungal infection,itching, skin_rash, nodal_skin_eruptions, dischromic _patches
3979,Allergy, continuous_sneezing, shivering, chills, watering_from_eyes
3980,GERD, stomach_pain, acidity, ulcers_on_tongue, vomiting
3981,Chronic cholestasis,itching, vomiting, yellowish_skin, nausea
3982,Drug Reaction,itching, skin_rash, stomach_pain, burning_micturition
3983,Peptic ulcer diseae, vomiting, indigestion, loss_of_appetite, abdominal_pain
3984,AIDS, muscle_wasting, patches_in_throat, high_fever, extra_marital_contacts
3985,Diabetes , fatigue, weight_loss, restlessness, lethargy
3986,Gastroenteritis, vomiting, sunken_eyes, dehydration, diarrhoea
3987,Bronchial Asthma, fatigue, cough, high_fever, breathlessness
3988,Hypertension , headache, chest_pain, dizziness, loss_of_balance
3989,Migraine, acidity, indigestion, headache, blurred_and_distorted_vision
3990,Cervical spondylosis, back_pain, weakness_in_limbs, neck_pain, dizziness
3991,Paralysis (brain hemorrhage), vomiting, headache, weakness_of_one_body_side, altered_sensorium
3992,Jaundice,itching, vomiting, fatigue, weight_loss
3993,Malaria, chills, vomiting, high_fever, sweating
3994,Chicken pox,itching, skin_rash, fatigue, lethargy
3995,Dengue, skin_rash, chills, joint_pain, vomiting
3996,Typhoid, chills, vomiting, fatigue, high_fever
3997,hepatitis A, joint_pain, vomiting, yellowish_skin, dark_urine
3998,Hepatitis B,itching, fatigue, lethargy, yellowish_skin
3999,Hepatitis C, fatigue, yellowish_skin, nausea, loss_of_appetite
4000,Hepatitis D, joint_pain, vomiting, fatigue, yellowish_skin
4001,Hepatitis E, joint_pain, vomiting, fatigue, high_fever
4002,Alcoholic hepatitis, vomiting, yellowish_skin, abdominal_pain, swelling_of_stomach
4003,Tuberculosis, chills, vomiting, fatigue, weight_loss
4004,Common Cold, continuous_sneezing, chills, fatigue, cough
4005,Pneumonia, chills, fatigue, cough, high_fever
4006,Dimorphic hemmorhoids(piles), constipation, pain_during_bowel_movements, pain_in_anal_region, bloody_stool
4007,Heart attack, vomiting, breathlessness, sweating, chest_pain
4008,Varicose veins, fatigue, cramps, bruising, obesity
4009,Hypothyroidism, fatigue, weight_gain, cold_hands_and_feets, mood_swings
4010,Hyperthyroidism, fatigue, mood_swings, weight_loss, restlessness
4011,Hypoglycemia, vomiting, fatigue, anxiety, sweating
4012,Osteoarthristis, joint_pain, neck_pain, knee_pain, hip_joint_pain
4013,Arthritis, muscle_weakness, stiff_neck, swelling_joints, movement_stiffness
4014,(vertigo) Paroymsal  Positional Vertigo, vomiting, headache, nausea, spinning_movements
4015,Acne, skin_rash, pus_filled_pimples, blackheads, scurring
4016,Urinary tract infection, burning_micturition, bladder_discomfort, foul_smell_of urine, continuous_feel_of_urine
4017,Psoriasis, skin_rash, joint_pain, skin_peeling, silver_like_dusting
4018,Impetigo, skin_rash, high_fever, blister, red_sore_around_nose
4019,Fungal infection,itching, skin_rash, nodal_skin_eruptions, dischromic _patches
4020,Allergy, continuous_sneezing, shivering, chills, watering_from_eyes
4021,GERD, stomach_pain, acidity, ulcers_on_tongue, vomiting
4022,Chronic cholestasis,itching, vomiting, yellowish_skin, nausea
4023,Drug Reaction,itching, skin_rash, stomach_pain, burning_micturition
4024,Peptic ulcer diseae, vomiting, indigestion, loss_of_appetite, abdominal_pain
4025,AIDS, muscle_wasting, patches_in_throat, high_fever, extra_marital_contacts
4026,Diabetes , fatigue, weight_loss, restlessness, lethargy
4027,Gastroenteritis, vomiting, sunken_eyes, dehydration, diarrhoea
4028,Bronchial Asthma, fatigue, cough, high_fever, breathlessness
4029,Hypertension , headache, chest_pain, dizziness, loss_of_balance
4030,Migraine, acidity, indigestion, headache, blurred_and_distorted_vision
4031,Cervical spondylosis, back_pain, weakness_in_limbs, neck_pain, dizziness
4032,Paralysis (brain hemorrhage), vomiting, headache, weakness_of_one_body_side, altered_sensorium
4033,Jaundice,itching, vomiting, fatigue, weight_loss
4034,Malaria, chills, vomiting, high_fever, sweating
4035,Chicken pox,itching, skin_rash, fatigue, lethargy
4036,Dengue, skin_rash, chills, joint_pain, vomiting
4037,Typhoid, chills, vomiting, fatigue, high_fever
4038,hepatitis A, joint_pain, vomiting, yellowish_skin, dark_urine
4039,Hepatitis B,itching, fatigue, lethargy, yellowish_skin
4040,Hepatitis C, fatigue, yellowish_skin, nausea, loss_of_appetite
4041,Hepatitis D, joint_pain, vomiting, fatigue, yellowish_skin
4042,Hepatitis E, joint_pain, vomiting, fatigue, high_fever
4043,Alcoholic hepatitis, vomiting, yellowish_skin, abdominal_pain, swelling_of_stomach
4044,Tuberculosis, chills, vomiting, fatigue, weight_loss
4045,Common Cold, continuous_sneezing, chills, fatigue, cough
4046,Pneumonia, chills, fatigue, cough, high_fever
4047,Dimorphic hemmorhoids(piles), constipation, pain_during_bowel_movements, pain_in_anal_region, bloody_stool
4048,Heart attack, vomiting, breathlessness, sweating, chest_pain
4049,Varicose veins, fatigue, cramps, bruising, obesity
4050,Hypothyroidism, fatigue, weight_gain, cold_hands_and_feets, mood_swings
4051,Hyperthyroidism, fatigue, mood_swings, weight_loss, restlessness
4052,Hypoglycemia, vomiting, fatigue, anxiety, sweating
4053,Osteoarthristis, joint_pain, neck_pain, knee_pain, hip_joint_pain
4054,Arthritis, muscle_weakness, stiff_neck, swelling_joints, movement_stiffness
4055,(vertigo) Paroymsal  Positional Vertigo, vomiting, headache, nausea, spinning_movements
4056,Acne, skin_rash, pus_filled_pimples, blackheads, scurring
4057,Urinary tract infection, burning_micturition, bladder_discomfort, foul_smell_of urine, continuous_feel_of_urine
4058,Psoriasis, skin_rash, joint_pain, skin_peeling, silver_like_dusting
4059,Impetigo, skin_rash, high_fever, blister, red_sore_around_nose
4060,Fungal infection,itching, skin_rash, nodal_skin_eruptions, dischromic _patches
4061,Allergy, continuous_sneezing, shivering, chills, watering_from_eyes
4062,GERD, stomach_pain, acidity, ulcers_on_tongue, vomiting
4063,Chronic cholestasis,itching, vomiting, yellowish_skin, nausea
4064,Drug Reaction,itching, skin_rash, stomach_pain, burning_micturition
4065,Peptic ulcer diseae, vomiting, indigestion, loss_of_appetite, abdominal_pain
4066,AIDS, muscle_wasting, patches_in_throat, high_fever, extra_marital_contacts
4067,Diabetes , fatigue, weight_loss, restlessness, lethargy
4068,Gastroenteritis, vomiting, sunken_eyes, dehydration, diarrhoea
4069,Bronchial Asthma, fatigue, cough, high_fever, breathlessness
4070,Hypertension , headache, chest_pain, dizziness, loss_of_balance
4071,Migraine, acidity, indigestion, headache, blurred_and_distorted_vision
4072,Cervical spondylosis, back_pain, weakness_in_limbs, neck_pain, dizziness
4073,Paralysis (brain hemorrhage), vomiting, headache, weakness_of_one_body_side, altered_sensorium
4074,Jaundice,itching, vomiting, fatigue, weight_loss
4075,Malaria, chills, vomiting, high_fever, sweating
4076,Chicken pox,itching, skin_rash, fatigue, lethargy
4077,Dengue, skin_rash, chills, joint_pain, vomiting
4078,Typhoid, chills, vomiting, fatigue, high_fever
4079,hepatitis A, joint_pain, vomiting, yellowish_skin, dark_urine
4080,Hepatitis B,itching, fatigue, lethargy, yellowish_skin
4081,Hepatitis C, fatigue, yellowish_skin, nausea, loss_of_appetite
4082,Hepatitis D, joint_pain, vomiting, fatigue, yellowish_skin
4083,Hepatitis E, joint_pain, vomiting, fatigue, high_fever
4084,Alcoholic hepatitis, vomiting, yellowish_skin, abdominal_pain, swelling_of_stomach
4085,Tuberculosis, chills, vomiting, fatigue, weight_loss
4086,Common Cold, continuous_sneezing, chills, fatigue, cough
4087,Pneumonia, chills, fatigue, cough, high_fever
4088,Dimorphic hemmorhoids(piles), constipation, pain_during_bowel_movements, pain_in_anal_region, bloody_stool
4089,Heart attack, vomiting, breathlessness, sweating, chest_pain
4090,Varicose veins, fatigue, cramps, bruising, obesity
4091,Hypothyroidism, fatigue, weight_gain, cold_hands_and_feets, mood_swings
4092,Hyperthyroidism, fatigue, mood_swings, weight_loss, restlessness
4093,Hypoglycemia, vomiting, fatigue, anxiety, sweating
4094,Osteoarthristis, joint_pain, neck_pain, knee_pain, hip_joint_pain
4095,Arthritis, muscle_weakness, stiff_neck, swelling_joints, movement_stiffness
4096,(vertigo) Paroymsal  Positional Vertigo, vomiting, headache, nausea, spinning_movements
4097,Acne, skin_rash, pus_filled_pimples, blackheads, scurring
4098,Urinary tract infection, burning_micturition, bladder_discomfort, foul_smell_of urine, continuous_feel_of_urine
4099,Psoriasis, skin_rash, joint_pain, skin_peeling, silver_like_dusting
4100,Impetigo, skin_rash, high_fever, blister, red_sore_around_nose
4101,Fungal infection,itching, skin_rash, nodal_skin_eruptions, dischromic _patches
4102,Allergy, continuous_sneezing, shivering, chills, watering_from_eyes
4103,GERD, stomach_pain, acidity, ulcers_on_tongue, vomiting
4104,Chronic cholestasis,itching, vomiting, yellowish_skin, nausea
4105,Drug Reaction,itching, skin_rash, stomach_pain, burning_micturition
4106,Peptic ulcer diseae, vomiting, indigestion, loss_of_appetite, abdominal_pain
4107,AIDS, muscle_wasting, patches_in_throat, high_fever, extra_marital_contacts
4108,Diabetes , fatigue, weight_loss, restlessness, lethargy
4109,Gastroenteritis, vomiting, sunken_eyes, dehydration, diarrhoea
4110,Bronchial Asthma, fatigue, cough, high_fever, breathlessness
4111,Hypertension , headache, chest_pain, dizziness, loss_of_balance
4112,Migraine, acidity, indigestion, headache, blurred_and_distorted_vision
4113,Cervical spondylosis, back_pain, weakness_in_limbs, neck_pain, dizziness
4114,Paralysis (brain hemorrhage), vomiting, headache, weakness_of_one_body_side, altered_sensorium
4115,Jaundice,itching, vomiting, fatigue, weight_loss
4116,Malaria, chills, vomiting, high_fever, sweating
4117,Chicken pox,itching, skin_rash, fatigue, lethargy
4118,Dengue, skin_rash, chills, joint_pain, vomiting
4119,Typhoid, chills, vomiting, fatigue, high_fever
4120,hepatitis A, joint_pain, vomiting, yellowish_skin, dark_urine
4121,Hepatitis B,itching, fatigue, lethargy, yellowish_skin
4122,Hepatitis C, fatigue, yellowish_skin, nausea, loss_of_appetite
4123,Hepatitis D, joint_pain, vomiting, fatigue, yellowish_skin
4124,Hepatitis E, joint_pain, vomiting, fatigue, high_fever
4125,Alcoholic hepatitis, vomiting, yellowish_skin, abdominal_pain, swelling_of_stomach
4126,Tuberculosis, chills, vomiting, fatigue, weight_loss
4127,Common Cold, continuous_sneezing, chills, fatigue, cough
4128,Pneumonia, chills, fatigue, cough, high_fever
4129,Dimorphic hemmorhoids(piles), constipation, pain_during_bowel_movements, pain_in_anal_region, bloody_stool
4130,Heart attack, vomiting, breathlessness, sweating, chest_pain
4131,Varicose veins, fatigue, cramps, bruising, obesity
4132,Hypothyroidism, fatigue, weight_gain, cold_hands_and_feets, mood_swings
4133,Hyperthyroidism, fatigue, mood_swings, weight_loss, restlessness
4134,Hypoglycemia, vomiting, fatigue, anxiety, sweating
4135,Osteoarthristis, joint_pain, neck_pain, knee_pain, hip_joint_pain
4136,Arthritis, muscle_weakness, stiff_neck, swelling_joints, movement_stiffness
4137,(vertigo) Paroymsal  Positional Vertigo, vomiting, headache, nausea, spinning_movements
4138,Acne, skin_rash, pus_filled_pimples, blackheads, scurring
4139,Urinary tract infection, burning_micturition, bladder_discomfort, foul_smell_of urine, continuous_feel_of_urine
4140,Psoriasis, skin_rash, joint_pain, skin_peeling, silver_like_dusting
4141,Impetigo, skin_rash, high_fever, blister, red_sore_around_nose
4142,Fungal infection,itching, skin_rash, nodal_skin_eruptions, dischromic _patches
4143,Allergy, continuous_sneezing, shivering, chills, watering_from_eyes
4144,GERD, stomach_pain, acidity, ulcers_on_tongue, vomiting
4145,Chronic cholestasis,itching, vomiting, yellowish_skin, nausea
4146,Drug Reaction,itching, skin_rash, stomach_pain, burning_micturition
4147,Peptic ulcer diseae, vomiting, indigestion, loss_of_appetite, abdominal_pain
4148,AIDS, muscle_wasting, patches_in_throat, high_fever, extra_marital_contacts
4149,Diabetes , fatigue, weight_loss, restlessness, lethargy
4150,Gastroenteritis, vomiting, sunken_eyes, dehydration, diarrhoea
4151,Bronchial Asthma, fatigue, cough, high_fever, breathlessness
4152,Hypertension , headache, chest_pain, dizziness, loss_of_balance
4153,Migraine, acidity, indigestion, headache, blurred_and_distorted_vision
4154,Cervical spondylosis, back_pain, weakness_in_limbs, neck_pain, dizziness
4155,Paralysis (brain hemorrhage), vomiting, headache, weakness_of_one_body_side, altered_sensorium
4156,Jaundice,itching, vomiting, fatigue, weight_loss
4157,Malaria, chills, vomiting, high_fever, sweating
4158,Chicken pox,itching, skin_rash, fatigue, lethargy
4159,Dengue, skin_rash, chills, joint_pain, vomiting
4160,Typhoid, chills, vomiting, fatigue, high_fever
4161,hepatitis A, joint_pain, vomiting, yellowish_skin, dark_urine
4162,Hepatitis B,itching, fatigue, lethargy, yellowish_skin
4163,Hepatitis C, fatigue, yellowish_skin, nausea, loss_of_appetite
4164,Hepatitis D, joint_pain, vomiting, fatigue, yellowish_skin
4165,Hepatitis E, joint_pain, vomiting, fatigue, high_fever
4166,Alcoholic hepatitis, vomiting, yellowish_skin, abdominal_pain, swelling_of_stomach
4167,Tuberculosis, chills, vomiting, fatigue, weight_loss
4168,Common Cold, continuous_sneezing, chills, fatigue, cough
4169,Pneumonia, chills, fatigue, cough, high_fever
4170,Dimorphic hemmorhoids(piles), constipation, pain_during_bowel_movements, pain_in_anal_region, bloody_stool
4171,Heart attack, vomiting, breathlessness, sweating, chest_pain
4172,Varicose veins, fatigue, cramps, bruising, obesity
4173,Hypothyroidism, fatigue, weight_gain, cold_hands_and_feets, mood_swings
4174,Hyperthyroidism, fatigue, mood_swings, weight_loss, restlessness
4175,Hypoglycemia, vomiting, fatigue, anxiety, sweating
4176,Osteoarthristis, joint_pain, neck_pain, knee_pain, hip_joint_pain
4177,Arthritis, muscle_weakness, stiff_neck, swelling_joints, movement_stiffness
4178,(vertigo) Paroymsal  Positional Vertigo, vomiting, headache, nausea, spinning_movements
4179,Acne, skin_rash, pus_filled_pimples, blackheads, scurring
4180,Urinary tract infection, burning_micturition, bladder_discomfort, foul_smell_of urine, continuous_feel_of_urine
4181,Psoriasis, skin_rash, joint_pain, skin_peeling, silver_like_dusting
4182,Impetigo, skin_rash, high_fever, blister, red_sore_around_nose
4183,Fungal infection,itching, skin_rash, nodal_skin_eruptions, dischromic _patches
4184,Allergy, continuous_sneezing, shivering, chills, watering_from_eyes
4185,GERD, stomach_pain, acidity, ulcers_on_tongue, vomiting
4186,Chronic cholestasis,itching, vomiting, yellowish_skin, nausea
4187,Drug Reaction,itching, skin_rash, stomach_pain, burning_micturition
4188,Peptic ulcer diseae, vomiting, indigestion, loss_of_appetite, abdominal_pain
4189,AIDS, muscle_wasting, patches_in_throat, high_fever, extra_marital_contacts
4190,Diabetes , fatigue, weight_loss, restlessness, lethargy
4191,Gastroenteritis, vomiting, sunken_eyes, dehydration, diarrhoea
4192,Bronchial Asthma, fatigue, cough, high_fever, breathlessness
4193,Hypertension , headache, chest_pain, dizziness, loss_of_balance
4194,Migraine, acidity, indigestion, headache, blurred_and_distorted_vision
4195,Cervical spondylosis, back_pain, weakness_in_limbs, neck_pain, dizziness
4196,Paralysis (brain hemorrhage), vomiting, headache, weakness_of_one_body_side, altered_sensorium
4197,Jaundice,itching, vomiting, fatigue, weight_loss
4198,Malaria, chills, vomiting, high_fever, sweating
4199,Chicken pox,itching, skin_rash, fatigue, lethargy
4200,Dengue, skin_rash, chills, joint_pain, vomiting
4201,Typhoid, chills, vomiting, fatigue, high_fever
4202,hepatitis A, joint_pain, vomiting, yellowish_skin, dark_urine
4203,Hepatitis B,itching, fatigue, lethargy, yellowish_skin
4204,Hepatitis C, fatigue, yellowish_skin, nausea, loss_of_appetite
4205,Hepatitis D, joint_pain, vomiting, fatigue, yellowish_skin
4206,Hepatitis E, joint_pain, vomiting, fatigue, high_fever
4207,Alcoholic hepatitis, vomiting, yellowish_skin, abdominal_pain, swelling_of_stomach
4208,Tuberculosis, chills, vomiting, fatigue, weight_loss
4209,Common Cold, continuous_sneezing, chills, fatigue, cough
4210,Pneumonia, chills, fatigue, cough, high_fever
4211,Dimorphic hemmorhoids(piles), constipation, pain_during_bowel_movements, pain_in_anal_region, bloody_stool
4212,Heart attack, vomiting, breathlessness, sweating, chest_pain
4213,Varicose veins, fatigue, cramps, bruising, obesity
4214,Hypothyroidism, fatigue, weight_gain, cold_hands_and_feets, mood_swings
4215,Hyperthyroidism, fatigue, mood_swings, weight_loss, restlessness
4216,Hypoglycemia, vomiting, fatigue, anxiety, sweating
4217,Osteoarthristis, joint_pain, neck_pain, knee_pain, hip_joint_pain
4218,Arthritis, muscle_weakness, stiff_neck, swelling_joints, movement_stiffness
4219,(vertigo) Paroymsal  Positional Vertigo, vomiting, headache, nausea, spinning_movements
4220,Acne, skin_rash, pus_filled_pimples, blackheads, scurring
4221,Urinary tract infection, burning_micturition, bladder_discomfort, foul_smell_of urine, continuous_feel_of_urine
4222,Psoriasis, skin_rash, joint_pain, skin_peeling, silver_like_dusting
4223,Impetigo, skin_rash, high_fever, blister, red_sore_around_nose
4224,Fungal infection,itching, skin_rash, nodal_skin_eruptions, dischromic _patches
4225,Allergy, continuous_sneezing, shivering, chills, watering_from_eyes
4226,GERD, stomach_pain, acidity, ulcers_on_tongue, vomiting
4227,Chronic cholestasis,itching, vomiting, yellowish_skin, nausea
4228,Drug Reaction,itching, skin_rash, stomach_pain, burning_micturition
4229,Peptic ulcer diseae, vomiting, indigestion, loss_of_appetite, abdominal_pain
4230,AIDS, muscle_wasting, patches_in_throat, high_fever, extra_marital_contacts
4231,Diabetes , fatigue, weight_loss, restlessness, lethargy
4232,Gastroenteritis, vomiting, sunken_eyes, dehydration, diarrhoea
4233,Bronchial Asthma, fatigue, cough, high_fever, breathlessness
4234,Hypertension , headache, chest_pain, dizziness, loss_of_balance
4235,Migraine, acidity, indigestion, headache, blurred_and_distorted_vision
4236,Cervical spondylosis, back_pain, weakness_in_limbs, neck_pain, dizziness
4237,Paralysis (brain hemorrhage), vomiting, headache, weakness_of_one_body_side, altered_sensorium
4238,Jaundice,itching, vomiting, fatigue, weight_loss
4239,Malaria, chills, vomiting, high_fever, sweating
4240,Chicken pox,itching, skin_rash, fatigue, lethargy
4241,Dengue, skin_rash, chills, joint_pain, vomiting
4242,Typhoid, chills, vomiting, fatigue, high_fever
4243,hepatitis A, joint_pain, vomiting, yellowish_skin, dark_urine
4244,Hepatitis B,itching, fatigue, lethargy, yellowish_skin
4245,Hepatitis C, fatigue, yellowish_skin, nausea, loss_of_appetite
4246,Hepatitis D, joint_pain, vomiting, fatigue, yellowish_skin
4247,Hepatitis E, joint_pain, vomiting, fatigue, high_fever
4248,Alcoholic hepatitis, vomiting, yellowish_skin, abdominal_pain, swelling_of_stomach
4249,Tuberculosis, chills, vomiting, fatigue, weight_loss
4250,Common Cold, continuous_sneezing, chills, fatigue, cough
4251,Pneumonia, chills, fatigue, cough, high_fever
4252,Dimorphic hemmorhoids(piles), constipation, pain_during_bowel_movements, pain_in_anal_region, bloody_stool
4253,Heart attack, vomiting, breathlessness, sweating, chest_pain
4254,Varicose veins, fatigue, cramps, bruising, obesity
4255,Hypothyroidism, fatigue, weight_gain, cold_hands_and_feets, mood_swings
4256,Hyperthyroidism, fatigue, mood_swings, weight_loss, restlessness
4257,Hypoglycemia, vomiting, fatigue, anxiety, sweating
4258,Osteoarthristis, joint_pain, neck_pain, knee_pain, hip_joint_pain
4259,Arthritis, muscle_weakness, stiff_neck, swelling_joints, movement_stiffness
4260,(vertigo) Paroymsal  Positional Vertigo, vomiting, headache, nausea, spinning_movements
4261,Acne, skin_rash, pus_filled_pimples, blackheads, scurring
4262,Urinary tract infection, burning_micturition, bladder_discomfort, foul_smell_of urine, continuous_feel_of_urine
4263,Psoriasis, skin_rash, joint_pain, skin_peeling, silver_like_dusting
4264,Impetigo, skin_rash, high_fever, blister, red_sore_around_nose
4265,Fungal infection,itching, skin_rash, nodal_skin_eruptions, dischromic _patches
4266,Allergy, continuous_sneezing, shivering, chills, watering_from_eyes
4267,GERD, stomach_pain, acidity, ulcers_on_tongue, vomiting
4268,Chronic cholestasis,itching, vomiting, yellowish_skin, nausea
4269,Drug Reaction,itching, skin_rash, stomach_pain, burning_micturition
4270,Peptic ulcer diseae, vomiting, indigestion, loss_of_appetite, abdominal_pain
4271,AIDS, muscle_wasting, patches_in_throat, high_fever, extra_marital_contacts
4272,Diabetes , fatigue, weight_loss, restlessness, lethargy
4273,Gastroenteritis, vomiting, sunken_eyes, dehydration, diarrhoea
4274,Bronchial Asthma, fatigue, cough, high_fever, breathlessness
4275,Hypertension , headache, chest_pain, dizziness, loss_of_balance
4276,Migraine, acidity, indigestion, headache, blurred_and_distorted_vision
4277,Cervical spondylosis, back_pain, weakness_in_limbs, neck_pain, dizziness
4278,Paralysis (brain hemorrhage), vomiting, headache, weakness_of_one_body_side, altered_sensorium
4279,Jaundice,itching, vomiting, fatigue, weight_loss
4280,Malaria, chills, vomiting, high_fever, sweating
4281,Chicken pox,itching, skin_rash, fatigue, lethargy
4282,Dengue, skin_rash, chills, joint_pain, vomiting
4283,Typhoid, chills, vomiting, fatigue, high_fever
4284,hepatitis A, joint_pain, vomiting, yellowish_skin, dark_urine
4285,Hepatitis B,itching, fatigue, lethargy, yellowish_skin
4286,Hepatitis C, fatigue, yellowish_skin, nausea, loss_of_appetite
4287,Hepatitis D, joint_pain, vomiting, fatigue, yellowish_skin
4288,Hepatitis E, joint_pain, vomiting, fatigue, high_fever
4289,Alcoholic hepatitis, vomiting, yellowish_skin, abdominal_pain, swelling_of_stomach
4290,Tuberculosis, chills, vomiting, fatigue, weight_loss
4291,Common Cold, continuous_sneezing, chills, fatigue, cough
4292,Pneumonia, chills, fatigue, cough, high_fever
4293,Dimorphic hemmorhoids(piles), constipation, pain_during_bowel_movements, pain_in_anal_region, bloody_stool
4294,Heart attack, vomiting, breathlessness, sweating, chest_pain
4295,Varicose veins, fatigue, cramps, bruising, obesity
4296,Hypothyroidism, fatigue, weight_gain, cold_hands_and_feets, mood_swings
4297,Hyperthyroidism, fatigue, mood_swings, weight_loss, restlessness
4298,Hypoglycemia, vomiting, fatigue, anxiety, sweating
4299,Osteoarthristis, joint_pain, neck_pain, knee_pain, hip_joint_pain
4300,Arthritis, muscle_weakness, stiff_neck, swelling_joints, movement_stiffness
4301,(vertigo) Paroymsal  Positional Vertigo, vomiting, headache, nausea, spinning_movements
4302,Acne, skin_rash, pus_filled_pimples, blackheads, scurring
4303,Urinary tract infection, burning_micturition, bladder_discomfort, foul_smell_of urine, continuous_feel_of_urine
4304,Psoriasis, skin_rash, joint_pain, skin_peeling, silver_like_dusting
4305,Impetigo, skin_rash, high_fever, blister, red_sore_around_nose
4306,Fungal infection,itching, skin_rash, nodal_skin_eruptions, dischromic _patches
4307,Allergy, continuous_sneezing, shivering, chills, watering_from_eyes
4308,GERD, stomach_pain, acidity, ulcers_on_tongue, vomiting
4309,Chronic cholestasis,itching, vomiting, yellowish_skin, nausea
4310,Drug Reaction,itching, skin_rash, stomach_pain, burning_micturition
4311,Peptic ulcer diseae, vomiting, indigestion, loss_of_appetite, abdominal_pain
4312,AIDS, muscle_wasting, patches_in_throat, high_fever, extra_marital_contacts
4313,Diabetes , fatigue, weight_loss, restlessness, lethargy
4314,Gastroenteritis, vomiting, sunken_eyes, dehydration, diarrhoea
4315,Bronchial Asthma, fatigue, cough, high_fever, breathlessness
4316,Hypertension , headache, chest_pain, dizziness, loss_of_balance
4317,Migraine, acidity, indigestion, headache, blurred_and_distorted_vision
4318,Cervical spondylosis, back_pain, weakness_in_limbs, neck_pain, dizziness
4319,Paralysis (brain hemorrhage), vomiting, headache, weakness_of_one_body_side, altered_sensorium
4320,Jaundice,itching, vomiting, fatigue, weight_loss
4321,Malaria, chills, vomiting, high_fever, sweating
4322,Chicken pox,itching, skin_rash, fatigue, lethargy
4323,Dengue, skin_rash, chills, joint_pain, vomiting
4324,Typhoid, chills, vomiting, fatigue, high_fever
4325,hepatitis A, joint_pain, vomiting, yellowish_skin, dark_urine
4326,Hepatitis B,itching, fatigue, lethargy, yellowish_skin
4327,Hepatitis C, fatigue, yellowish_skin, nausea, loss_of_appetite
4328,Hepatitis D, joint_pain, vomiting, fatigue, yellowish_skin
4329,Hepatitis E, joint_pain, vomiting, fatigue, high_fever
4330,Alcoholic hepatitis, vomiting, yellowish_skin, abdominal_pain, swelling_of_stomach
4331,Tuberculosis, chills, vomiting, fatigue, weight_loss
4332,Common Cold, continuous_sneezing, chills, fatigue, cough
4333,Pneumonia, chills, fatigue, cough, high_fever
4334,Dimorphic hemmorhoids(piles), constipation, pain_during_bowel_movements, pain_in_anal_region, bloody_stool
4335,Heart attack, vomiting, breathlessness, sweating, chest_pain
4336,Varicose veins, fatigue, cramps, bruising, obesity
4337,Hypothyroidism, fatigue, weight_gain, cold_hands_and_feets, mood_swings
4338,Hyperthyroidism, fatigue, mood_swings, weight_loss, restlessness
4339,Hypoglycemia, vomiting, fatigue, anxiety, sweating
4340,Osteoarthristis, joint_pain, neck_pain, knee_pain, hip_joint_pain
4341,Arthritis, muscle_weakness, stiff_neck, swelling_joints, movement_stiffness
4342,(vertigo) Paroymsal  Positional Vertigo, vomiting, headache, nausea, spinning_movements
4343,Acne, skin_rash, pus_filled_pimples, blackheads, scurring
4344,Urinary tract infection, burning_micturition, bladder_discomfort, foul_smell_of urine, continuous_feel_of_urine
4345,Psoriasis, skin_rash, joint_pain, skin_peeling, silver_like_dusting
4346,Impetigo, skin_rash, high_fever, blister, red_sore_around_nose
4347,Fungal infection,itching, skin_rash, nodal_skin_eruptions, dischromic _patches
4348,Allergy, continuous_sneezing, shivering, chills, watering_from_eyes
4349,GERD, stomach_pain, acidity, ulcers_on_tongue, vomiting
4350,Chronic cholestasis,itching, vomiting, yellowish_skin, nausea
4351,Drug Reaction,itching, skin_rash, stomach_pain, burning_micturition
4352,Peptic ulcer diseae, vomiting, indigestion, loss_of_appetite, abdominal_pain
4353,AIDS, muscle_wasting, patches_in_throat, high_fever, extra_marital_contacts
4354,Diabetes , fatigue, weight_loss, restlessness, lethargy
4355,Gastroenteritis, vomiting, sunken_eyes, dehydration, diarrhoea
4356,Bronchial Asthma, fatigue, cough, high_fever, breathlessness
4357,Hypertension , headache, chest_pain, dizziness, loss_of_balance
4358,Migraine, acidity, indigestion, headache, blurred_and_distorted_vision
4359,Cervical spondylosis, back_pain, weakness_in_limbs, neck_pain, dizziness
4360,Paralysis (brain hemorrhage), vomiting, headache, weakness_of_one_body_side, altered_sensorium
4361,Jaundice,itching, vomiting, fatigue, weight_loss
4362,Malaria, chills, vomiting, high_fever, sweating
4363,Chicken pox,itching, skin_rash, fatigue, lethargy
4364,Dengue, skin_rash, chills, joint_pain, vomiting
4365,Typhoid, chills, vomiting, fatigue, high_fever
4366,hepatitis A, joint_pain, vomiting, yellowish_skin, dark_urine
4367,Hepatitis B,itching, fatigue, lethargy, yellowish_skin
4368,Hepatitis C, fatigue, yellowish_skin, nausea, loss_of_appetite
4369,Hepatitis D, joint_pain, vomiting, fatigue, yellowish_skin
4370,Hepatitis E, joint_pain, vomiting, fatigue, high_fever
4371,Alcoholic hepatitis, vomiting, yellowish_skin, abdominal_pain, swelling_of_stomach
4372,Tuberculosis, chills, vomiting, fatigue, weight_loss
4373,Common Cold, continuous_sneezing, chills, fatigue, cough
4374,Pneumonia, chills, fatigue, cough, high_fever
4375,Dimorphic hemmorhoids(piles), constipation, pain_during_bowel_movements, pain_in_anal_region, bloody_stool
4376,Heart attack, vomiting, breathlessness, sweating, chest_pain
4377,Varicose veins, fatigue, cramps, bruising, obesity
4378,Hypothyroidism, fatigue, weight_gain, cold_hands_and_feets, mood_swings
4379,Hyperthyroidism, fatigue, mood_swings, weight_loss, restlessness
4380,Hypoglycemia, vomiting, fatigue, anxiety, sweating
4381,Osteoarthristis, joint_pain, neck_pain, knee_pain, hip_joint_pain
4382,Arthritis, muscle_weakness, stiff_neck, swelling_joints, movement_stiffness
4383,(vertigo) Paroymsal  Positional Vertigo, vomiting, headache, nausea, spinning_movements
4384,Acne, skin_rash, pus_filled_pimples, blackheads, scurring
4385,Urinary tract infection, burning_micturition, bladder_discomfort, foul_smell_of urine, continuous_feel_of_urine
4386,Psoriasis, skin_rash, joint_pain, skin_peeling, silver_like_dusting
4387,Impetigo, skin_rash, high_fever, blister, red_sore_around_nose
4388,Fungal infection,itching, skin_rash, nodal_skin_eruptions, dischromic _patches
4389,Allergy, continuous_sneezing, shivering, chills, watering_from_eyes
4390,GERD, stomach_pain, acidity, ulcers_on_tongue, vomiting
4391,Chronic cholestasis,itching, vomiting, yellowish_skin, nausea
4392,Drug Reaction,itching, skin_rash, stomach_pain, burning_micturition
4393,Peptic ulcer diseae, vomiting, indigestion, loss_of_appetite, abdominal_pain
4394,AIDS, muscle_wasting, patches_in_throat, high_fever, extra_marital_contacts
4395,Diabetes , fatigue, weight_loss, restlessness, lethargy
4396,Gastroenteritis, vomiting, sunken_eyes, dehydration, diarrhoea
4397,Bronchial Asthma, fatigue, cough, high_fever, breathlessness
4398,Hypertension , headache, chest_pain, dizziness, loss_of_balance
4399,Migraine, acidity, indigestion, headache, blurred_and_distorted_vision
4400,Cervical spondylosis, back_pain, weakness_in_limbs, neck_pain, dizziness
4401,Paralysis (brain hemorrhage), vomiting, headache, weakness_of_one_body_side, altered_sensorium
4402,Jaundice,itching, vomiting, fatigue, weight_loss
4403,Malaria, chills, vomiting, high_fever, sweating
4404,Chicken pox,itching, skin_rash, fatigue, lethargy
4405,Dengue, skin_rash, chills, joint_pain, vomiting
4406,Typhoid, chills, vomiting, fatigue, high_fever
4407,hepatitis A, joint_pain, vomiting, yellowish_skin, dark_urine
4408,Hepatitis B,itching, fatigue, lethargy, yellowish_skin
4409,Hepatitis C, fatigue, yellowish_skin, nausea, loss_of_appetite
4410,Hepatitis D, joint_pain, vomiting, fatigue, yellowish_skin
4411,Hepatitis E, joint_pain, vomiting, fatigue, high_fever
4412,Alcoholic hepatitis, vomiting, yellowish_skin, abdominal_pain, swelling_of_stomach
4413,Tuberculosis, chills, vomiting, fatigue, weight_loss
4414,Common Cold, continuous_sneezing, chills, fatigue, cough
4415,Pneumonia, chills, fatigue, cough, high_fever
4416,Dimorphic hemmorhoids(piles), constipation, pain_during_bowel_movements, pain_in_anal_region, bloody_stool
4417,Heart attack, vomiting, breathlessness, sweating, chest_pain
4418,Varicose veins, fatigue, cramps, bruising, obesity
4419,Hypothyroidism, fatigue, weight_gain, cold_hands_and_feets, mood_swings
4420,Hyperthyroidism, fatigue, mood_swings, weight_loss, restlessness
4421,Hypoglycemia, vomiting, fatigue, anxiety, sweating
4422,Osteoarthristis, joint_pain, neck_pain, knee_pain, hip_joint_pain
4423,Arthritis, muscle_weakness, stiff_neck, swelling_joints, movement_stiffness
4424,(vertigo) Paroymsal  Positional Vertigo, vomiting, headache, nausea, spinning_movements
4425,Acne, skin_rash, pus_filled_pimples, blackheads, scurring
4426,Urinary tract infection, burning_micturition, bladder_discomfort, foul_smell_of urine, continuous_feel_of_urine
4427,Psoriasis, skin_rash, joint_pain, skin_peeling, silver_like_dusting
4428,Impetigo, skin_rash, high_fever, blister, red_sore_around_nose
4429,Fungal infection,itching, skin_rash, nodal_skin_eruptions, dischromic _patches
4430,Allergy, continuous_sneezing, shivering, chills, watering_from_eyes
4431,GERD, stomach_pain, acidity, ulcers_on_tongue, vomiting
4432,Chronic cholestasis,itching, vomiting, yellowish_skin, nausea
4433,Drug Reaction,itching, skin_rash, stomach_pain, burning_micturition
4434,Peptic ulcer diseae, vomiting, indigestion, loss_of_appetite, abdominal_pain
4435,AIDS, muscle_wasting, patches_in_throat, high_fever, extra_marital_contacts
4436,Diabetes , fatigue, weight_loss, restlessness, lethargy
4437,Gastroenteritis, vomiting, sunken_eyes, dehydration, diarrhoea
4438,Bronchial Asthma, fatigue, cough, high_fever, breathlessness
4439,Hypertension , headache, chest_pain, dizziness, loss_of_balance
4440,Migraine, acidity, indigestion, headache, blurred_and_distorted_vision
4441,Cervical spondylosis, back_pain, weakness_in_limbs, neck_pain, dizziness
4442,Paralysis (brain hemorrhage), vomiting, headache, weakness_of_one_body_side, altered_sensorium
4443,Jaundice,itching, vomiting, fatigue, weight_loss
4444,Malaria, chills, vomiting, high_fever, sweating
4445,Chicken pox,itching, skin_rash, fatigue, lethargy
4446,Dengue, skin_rash, chills, joint_pain, vomiting
4447,Typhoid, chills, vomiting, fatigue, high_fever
4448,hepatitis A, joint_pain, vomiting, yellowish_skin, dark_urine
4449,Hepatitis B,itching, fatigue, lethargy, yellowish_skin
4450,Hepatitis C, fatigue, yellowish_skin, nausea, loss_of_appetite
4451,Hepatitis D, joint_pain, vomiting, fatigue, yellowish_skin
4452,Hepatitis E, joint_pain, vomiting, fatigue, high_fever
4453,Alcoholic hepatitis, vomiting, yellowish_skin, abdominal_pain, swelling_of_stomach
4454,Tuberculosis, chills, vomiting, fatigue, weight_loss
4455,Common Cold, continuous_sneezing, chills, fatigue, cough
4456,Pneumonia, chills, fatigue, cough, high_fever
4457,Dimorphic hemmorhoids(piles), constipation, pain_during_bowel_movements, pain_in_anal_region, bloody_stool
4458,Heart attack, vomiting, breathlessness, sweating, chest_pain
4459,Varicose veins, fatigue, cramps, bruising, obesity
4460,Hypothyroidism, fatigue, weight_gain, cold_hands_and_feets, mood_swings
4461,Hyperthyroidism, fatigue, mood_swings, weight_loss, restlessness
4462,Hypoglycemia, vomiting, fatigue, anxiety, sweating
4463,Osteoarthristis, joint_pain, neck_pain, knee_pain, hip_joint_pain
4464,Arthritis, muscle_weakness, stiff_neck, swelling_joints, movement_stiffness
4465,(vertigo) Paroymsal  Positional Vertigo, vomiting, headache, nausea, spinning_movements
4466,Acne, skin_rash, pus_filled_pimples, blackheads, scurring
4467,Urinary tract infection, burning_micturition, bladder_discomfort, foul_smell_of urine, continuous_feel_of_urine
4468,Psoriasis, skin_rash, joint_pain, skin_peeling, silver_like_dusting
4469,Impetigo, skin_rash, high_fever, blister, red_sore_around_nose
4470,Fungal infection,itching, skin_rash, nodal_skin_eruptions, dischromic _patches
4471,Allergy, continuous_sneezing, shivering, chills, watering_from_eyes
4472,GERD, stomach_pain, acidity, ulcers_on_tongue, vomiting
4473,Chronic cholestasis,itching, vomiting, yellowish_skin, nausea
4474,Drug Reaction,itching, skin_rash, stomach_pain, burning_micturition
4475,Peptic ulcer diseae, vomiting, indigestion, loss_of_appetite, abdominal_pain
4476,AIDS, muscle_wasting, patches_in_throat, high_fever, extra_marital_contacts
4477,Diabetes , fatigue, weight_loss, restlessness, lethargy
4478,Gastroenteritis, vomiting, sunken_eyes, dehydration, diarrhoea
4479,Bronchial Asthma, fatigue, cough, high_fever, breathlessness
4480,Hypertension , headache, chest_pain, dizziness, loss_of_balance
4481,Migraine, acidity, indigestion, headache, blurred_and_distorted_vision
4482,Cervical spondylosis, back_pain, weakness_in_limbs, neck_pain, dizziness
4483,Paralysis (brain hemorrhage), vomiting, headache, weakness_of_one_body_side, altered_sensorium
4484,Jaundice,itching, vomiting, fatigue, weight_loss
4485,Malaria, chills, vomiting, high_fever, sweating
4486,Chicken pox,itching, skin_rash, fatigue, lethargy
4487,Dengue, skin_rash, chills, joint_pain, vomiting
4488,Typhoid, chills, vomiting, fatigue, high_fever
4489,hepatitis A, joint_pain, vomiting, yellowish_skin, dark_urine
4490,Hepatitis B,itching, fatigue, lethargy, yellowish_skin
4491,Hepatitis C, fatigue, yellowish_skin, nausea, loss_of_appetite
4492,Hepatitis D, joint_pain, vomiting, fatigue, yellowish_skin
4493,Hepatitis E, joint_pain, vomiting, fatigue, high_fever
4494,Alcoholic hepatitis, vomiting, yellowish_skin, abdominal_pain, swelling_of_stomach
4495,Tuberculosis, chills, vomiting, fatigue, weight_loss
4496,Common Cold, continuous_sneezing, chills, fatigue, cough
4497,Pneumonia, chills, fatigue, cough, high_fever
4498,Dimorphic hemmorhoids(piles), constipation, pain_during_bowel_movements, pain_in_anal_region, bloody_stool
4499,Heart attack, vomiting, breathlessness, sweating, chest_pain
4500,Varicose veins, fatigue, cramps, bruising, obesity
4501,Hypothyroidism, fatigue, weight_gain, cold_hands_and_feets, mood_swings
4502,Hyperthyroidism, fatigue, mood_swings, weight_loss, restlessness
4503,Hypoglycemia, vomiting, fatigue, anxiety, sweating
4504,Osteoarthristis, joint_pain, neck_pain, knee_pain, hip_joint_pain
4505,Arthritis, muscle_weakness, stiff_neck, swelling_joints, movement_stiffness
4506,(vertigo) Paroymsal  Positional Vertigo, vomiting, headache, nausea, spinning_movements
4507,Acne, skin_rash, pus_filled_pimples, blackheads, scurring
4508,Urinary tract infection, burning_micturition, bladder_discomfort, foul_smell_of urine, continuous_feel_of_urine
4509,Psoriasis, skin_rash, joint_pain, skin_peeling, silver_like_dusting
4510,Impetigo, skin_rash, high_fever, blister, red_sore_around_nose
4511,Fungal infection,itching, skin_rash, nodal_skin_eruptions, dischromic _patches
4512,Allergy, continuous_sneezing, shivering, chills, watering_from_eyes
4513,GERD, stomach_pain, acidity, ulcers_on_tongue, vomiting
4514,Chronic cholestasis,itching, vomiting, yellowish_skin, nausea
4515,Drug Reaction,itching, skin_rash, stomach_pain, burning_micturition
4516,Peptic ulcer diseae, vomiting, indigestion, loss_of_appetite, abdominal_pain
4517,AIDS, muscle_wasting, patches_in_throat, high_fever, extra_marital_contacts
4518,Diabetes , fatigue, weight_loss, restlessness, lethargy
4519,Gastroenteritis, vomiting, sunken_eyes, dehydration, diarrhoea
4520,Bronchial Asthma, fatigue, cough, high_fever, breathlessness
4521,Hypertension , headache, chest_pain, dizziness, loss_of_balance
4522,Migraine, acidity, indigestion, headache, blurred_and_distorted_vision
4523,Cervical spondylosis, back_pain, weakness_in_limbs, neck_pain, dizziness
4524,Paralysis (brain hemorrhage), vomiting, headache, weakness_of_one_body_side, altered_sensorium
4525,Jaundice,itching, vomiting, fatigue, weight_loss
4526,Malaria, chills, vomiting, high_fever, sweating
4527,Chicken pox,itching, skin_rash, fatigue, lethargy
4528,Dengue, skin_rash, chills, joint_pain, vomiting
4529,Typhoid, chills, vomiting, fatigue, high_fever
4530,hepatitis A, joint_pain, vomiting, yellowish_skin, dark_urine
4531,Hepatitis B,itching, fatigue, lethargy, yellowish_skin
4532,Hepatitis C, fatigue, yellowish_skin, nausea, loss_of_appetite
4533,Hepatitis D, joint_pain, vomiting, fatigue, yellowish_skin
4534,Hepatitis E, joint_pain, vomiting, fatigue, high_fever
4535,Alcoholic hepatitis, vomiting, yellowish_skin, abdominal_pain, swelling_of_stomach
4536,Tuberculosis, chills, vomiting, fatigue, weight_loss
4537,Common Cold, continuous_sneezing, chills, fatigue, cough
4538,Pneumonia, chills, fatigue, cough, high_fever
4539,Dimorphic hemmorhoids(piles), constipation, pain_during_bowel_movements, pain_in_anal_region, bloody_stool
4540,Heart attack, vomiting, breathlessness, sweating, chest_pain
4541,Varicose veins, fatigue, cramps, bruising, obesity
4542,Hypothyroidism, fatigue, weight_gain, cold_hands_and_feets, mood_swings
4543,Hyperthyroidism, fatigue, mood_swings, weight_loss, restlessness
4544,Hypoglycemia, vomiting, fatigue, anxiety, sweating
4545,Osteoarthristis, joint_pain, neck_pain, knee_pain, hip_joint_pain
4546,Arthritis, muscle_weakness, stiff_neck, swelling_joints, movement_stiffness
4547,(vertigo) Paroymsal  Positional Vertigo, vomiting, headache, nausea, spinning_movements
4548,Acne, skin_rash, pus_filled_pimples, blackheads, scurring
4549,Urinary tract infection, burning_micturition, bladder_discomfort, foul_smell_of urine, continuous_feel_of_urine
4550,Psoriasis, skin_rash, joint_pain, skin_peeling, silver_like_dusting
4551,Impetigo, skin_rash, high_fever, blister, red_sore_around_nose
4552,Fungal infection,itching, skin_rash, nodal_skin_eruptions, dischromic _patches
4553,Allergy, continuous_sneezing, shivering, chills, watering_from_eyes
4554,GERD, stomach_pain, acidity, ulcers_on_tongue, vomiting
4555,Chronic cholestasis,itching, vomiting, yellowish_skin, nausea
4556,Drug Reaction,itching, skin_rash, stomach_pain, burning_micturition
4557,Peptic ulcer diseae, vomiting, indigestion, loss_of_appetite, abdominal_pain
4558,AIDS, muscle_wasting, patches_in_throat, high_fever, extra_marital_contacts
4559,Diabetes , fatigue, weight_loss, restlessness, lethargy
4560,Gastroenteritis, vomiting, sunken_eyes, dehydration, diarrhoea
4561,Bronchial Asthma, fatigue, cough, high_fever, breathlessness
4562,Hypertension , headache, chest_pain, dizziness, loss_of_balance
4563,Migraine, acidity, indigestion, headache, blurred_and_distorted_vision
4564,Cervical spondylosis, back_pain, weakness_in_limbs, neck_pain, dizziness
4565,Paralysis (brain hemorrhage), vomiting, headache, weakness_of_one_body_side, altered_sensorium
4566,Jaundice,itching, vomiting, fatigue, weight_loss
4567,Malaria, chills, vomiting, high_fever, sweating
4568,Chicken pox,itching, skin_rash, fatigue, lethargy
4569,Dengue, skin_rash, chills, joint_pain, vomiting
4570,Typhoid, chills, vomiting, fatigue, high_fever
4571,hepatitis A, joint_pain, vomiting, yellowish_skin, dark_urine
4572,Hepatitis B,itching, fatigue, lethargy, yellowish_skin
4573,Hepatitis C, fatigue, yellowish_skin, nausea, loss_of_appetite
4574,Hepatitis D, joint_pain, vomiting, fatigue, yellowish_skin
4575,Hepatitis E, joint_pain, vomiting, fatigue, high_fever
4576,Alcoholic hepatitis, vomiting, yellowish_skin, abdominal_pain, swelling_of_stomach
4577,Tuberculosis, chills, vomiting, fatigue, weight_loss
4578,Common Cold, continuous_sneezing, chills, fatigue, cough
4579,Pneumonia, chills, fatigue, cough, high_fever
4580,Dimorphic hemmorhoids(piles), constipation, pain_during_bowel_movements, pain_in_anal_region, bloody_stool
4581,Heart attack, vomiting, breathlessness, sweating, chest_pain
4582,Varicose veins, fatigue, cramps, bruising, obesity
4583,Hypothyroidism, fatigue, weight_gain, cold_hands_and_feets, mood_swings
4584,Hyperthyroidism, fatigue, mood_swings, weight_loss, restlessness
4585,Hypoglycemia, vomiting, fatigue, anxiety, sweating
4586,Osteoarthristis, joint_pain, neck_pain, knee_pain, hip_joint_pain
4587,Arthritis, muscle_weakness, stiff_neck, swelling_joints, movement_stiffness
4588,(vertigo) Paroymsal  Positional Vertigo, vomiting, headache, nausea, spinning_movements
4589,Acne, skin_rash, pus_filled_pimples, blackheads, scurring
4590,Urinary tract infection, burning_micturition, bladder_discomfort, foul_smell_of urine, continuous_feel_of_urine
4591,Psoriasis, skin_rash, joint_pain, skin_peeling, silver_like_dusting
4592,Impetigo, skin_rash, high_fever, blister, red_sore_around_nose
4593,Fungal infection,itching, skin_rash, nodal_skin_eruptions, dischromic _patches
4594,Allergy, continuous_sneezing, shivering, chills, watering_from_eyes
4595,GERD, stomach_pain, acidity, ulcers_on_tongue, vomiting
4596,Chronic cholestasis,itching, vomiting, yellowish_skin, nausea
4597,Drug Reaction,itching, skin_rash, stomach_pain, burning_micturition
4598,Peptic ulcer diseae, vomiting, indigestion, loss_of_appetite, abdominal_pain
4599,AIDS, muscle_wasting, patches_in_throat, high_fever, extra_marital_contacts
4600,Diabetes , fatigue, weight_loss, restlessness, lethargy
4601,Gastroenteritis, vomiting, sunken_eyes, dehydration, diarrhoea
4602,Bronchial Asthma, fatigue, cough, high_fever, breathlessness
4603,Hypertension , headache, chest_pain, dizziness, loss_of_balance
4604,Migraine, acidity, indigestion, headache, blurred_and_distorted_vision
4605,Cervical spondylosis, back_pain, weakness_in_limbs, neck_pain, dizziness
4606,Paralysis (brain hemorrhage), vomiting, headache, weakness_of_one_body_side, altered_sensorium
4607,Jaundice,itching, vomiting, fatigue, weight_loss
4608,Malaria, chills, vomiting, high_fever, sweating
4609,Chicken pox,itching, skin_rash, fatigue, lethargy
4610,Dengue, skin_rash, chills, joint_pain, vomiting
4611,Typhoid, chills, vomiting, fatigue, high_fever
4612,hepatitis A, joint_pain, vomiting, yellowish_skin, dark_urine
4613,Hepatitis B,itching, fatigue, lethargy, yellowish_skin
4614,Hepatitis C, fatigue, yellowish_skin, nausea, loss_of_appetite
4615,Hepatitis D, joint_pain, vomiting, fatigue, yellowish_skin
4616,Hepatitis E, joint_pain, vomiting, fatigue, high_fever
4617,Alcoholic hepatitis, vomiting, yellowish_skin, abdominal_pain, swelling_of_stomach
4618,Tuberculosis, chills, vomiting, fatigue, weight_loss
4619,Common Cold, continuous_sneezing, chills, fatigue, cough
4620,Pneumonia, chills, fatigue, cough, high_fever
4621,Dimorphic hemmorhoids(piles), constipation, pain_during_bowel_movements, pain_in_anal_region, bloody_stool
4622,Heart attack, vomiting, breathlessness, sweating, chest_pain
4623,Varicose veins, fatigue, cramps, bruising, obesity
4624,Hypothyroidism, fatigue, weight_gain, cold_hands_and_feets, mood_swings
4625,Hyperthyroidism, fatigue, mood_swings, weight_loss, restlessness
4626,Hypoglycemia, vomiting, fatigue, anxiety, sweating
4627,Osteoarthristis, joint_pain, neck_pain, knee_pain, hip_joint_pain
4628,Arthritis, muscle_weakness, stiff_neck, swelling_joints, movement_stiffness
4629,(vertigo) Paroymsal  Positional Vertigo, vomiting, headache, nausea, spinning_movements
4630,Acne, skin_rash, pus_filled_pimples, blackheads, scurring
4631,Urinary tract infection, burning_micturition, bladder_discomfort, foul_smell_of urine, continuous_feel_of_urine
4632,Psoriasis, skin_rash, joint_pain, skin_peeling, silver_like_dusting
4633,Impetigo, skin_rash, high_fever, blister, red_sore_around_nose
4634,Fungal infection,itching, skin_rash, nodal_skin_eruptions, dischromic _patches
4635,Allergy, continuous_sneezing, shivering, chills, watering_from_eyes
4636,GERD, stomach_pain, acidity, ulcers_on_tongue, vomiting
4637,Chronic cholestasis,itching, vomiting, yellowish_skin, nausea
4638,Drug Reaction,itching, skin_rash, stomach_pain, burning_micturition
4639,Peptic ulcer diseae, vomiting, indigestion, loss_of_appetite, abdominal_pain
4640,AIDS, muscle_wasting, patches_in_throat, high_fever, extra_marital_contacts
4641,Diabetes , fatigue, weight_loss, restlessness, lethargy
4642,Gastroenteritis, vomiting, sunken_eyes, dehydration, diarrhoea
4643,Bronchial Asthma, fatigue, cough, high_fever, breathlessness
4644,Hypertension , headache, chest_pain, dizziness, loss_of_balance
4645,Migraine, acidity, indigestion, headache, blurred_and_distorted_vision
4646,Cervical spondylosis, back_pain, weakness_in_limbs, neck_pain, dizziness
4647,Paralysis (brain hemorrhage), vomiting, headache, weakness_of_one_body_side, altered_sensorium
4648,Jaundice,itching, vomiting, fatigue, weight_loss
4649,Malaria, chills, vomiting, high_fever, sweating
4650,Chicken pox,itching, skin_rash, fatigue, lethargy
4651,Dengue, skin_rash, chills, joint_pain, vomiting
4652,Typhoid, chills, vomiting, fatigue, high_fever
4653,hepatitis A, joint_pain, vomiting, yellowish_skin, dark_urine
4654,Hepatitis B,itching, fatigue, lethargy, yellowish_skin
4655,Hepatitis C, fatigue, yellowish_skin, nausea, loss_of_appetite
4656,Hepatitis D, joint_pain, vomiting, fatigue, yellowish_skin
4657,Hepatitis E, joint_pain, vomiting, fatigue, high_fever
4658,Alcoholic hepatitis, vomiting, yellowish_skin, abdominal_pain, swelling_of_stomach
4659,Tuberculosis, chills, vomiting, fatigue, weight_loss
4660,Common Cold, continuous_sneezing, chills, fatigue, cough
4661,Pneumonia, chills, fatigue, cough, high_fever
4662,Dimorphic hemmorhoids(piles), constipation, pain_during_bowel_movements, pain_in_anal_region, bloody_stool
4663,Heart attack, vomiting, breathlessness, sweating, chest_pain
4664,Varicose veins, fatigue, cramps, bruising, obesity
4665,Hypothyroidism, fatigue, weight_gain, cold_hands_and_feets, mood_swings
4666,Hyperthyroidism, fatigue, mood_swings, weight_loss, restlessness
4667,Hypoglycemia, vomiting, fatigue, anxiety, sweating
4668,Osteoarthristis, joint_pain, neck_pain, knee_pain, hip_joint_pain
4669,Arthritis, muscle_weakness, stiff_neck, swelling_joints, movement_stiffness
4670,(vertigo) Paroymsal  Positional Vertigo, vomiting, headache, nausea, spinning_movements
4671,Acne, skin_rash, pus_filled_pimples, blackheads, scurring
4672,Urinary tract infection, burning_micturition, bladder_discomfort, foul_smell_of urine, continuous_feel_of_urine
4673,Psoriasis, skin_rash, joint_pain, skin_peeling, silver_like_dusting
4674,Impetigo, skin_rash, high_fever, blister, red_sore_around_nose
4675,Fungal infection,itching, skin_rash, nodal_skin_eruptions, dischromic _patches
4676,Allergy, continuous_sneezing, shivering, chills, watering_from_eyes
4677,GERD, stomach_pain, acidity, ulcers_on_tongue, vomiting
4678,Chronic cholestasis,itching, vomiting, yellowish_skin, nausea
4679,Drug Reaction,itching, skin_rash, stomach_pain, burning_micturition
4680,Peptic ulcer diseae, vomiting, indigestion, loss_of_appetite, abdominal_pain
4681,AIDS, muscle_wasting, patches_in_throat, high_fever, extra_marital_contacts
4682,Diabetes , fatigue, weight_loss, restlessness, lethargy
4683,Gastroenteritis, vomiting, sunken_eyes, dehydration, diarrhoea
4684,Bronchial Asthma, fatigue, cough, high_fever, breathlessness
4685,Hypertension , headache, chest_pain, dizziness, loss_of_balance
4686,Migraine, acidity, indigestion, headache, blurred_and_distorted_vision
4687,Cervical spondylosis, back_pain, weakness_in_limbs, neck_pain, dizziness
4688,Paralysis (brain hemorrhage), vomiting, headache, weakness_of_one_body_side, altered_sensorium
4689,Jaundice,itching, vomiting, fatigue, weight_loss
4690,Malaria, chills, vomiting, high_fever, sweating
4691,Chicken pox,itching, skin_rash, fatigue, lethargy
4692,Dengue, skin_rash, chills, joint_pain, vomiting
4693,Typhoid, chills, vomiting, fatigue, high_fever
4694,hepatitis A, joint_pain, vomiting, yellowish_skin, dark_urine
4695,Hepatitis B,itching, fatigue, lethargy, yellowish_skin
4696,Hepatitis C, fatigue, yellowish_skin, nausea, loss_of_appetite
4697,Hepatitis D, joint_pain, vomiting, fatigue, yellowish_skin
4698,Hepatitis E, joint_pain, vomiting, fatigue, high_fever
4699,Alcoholic hepatitis, vomiting, yellowish_skin, abdominal_pain, swelling_of_stomach
4700,Tuberculosis, chills, vomiting, fatigue, weight_loss
4701,Common Cold, continuous_sneezing, chills, fatigue, cough
4702,Pneumonia, chills, fatigue, cough, high_fever
4703,Dimorphic hemmorhoids(piles), constipation, pain_during_bowel_movements, pain_in_anal_region, bloody_stool
4704,Heart attack, vomiting, breathlessness, sweating, chest_pain
4705,Varicose veins, fatigue, cramps, bruising, obesity
4706,Hypothyroidism, fatigue, weight_gain, cold_hands_and_feets, mood_swings
4707,Hyperthyroidism, fatigue, mood_swings, weight_loss, restlessness
4708,Hypoglycemia, vomiting, fatigue, anxiety, sweating
4709,Osteoarthristis, joint_pain, neck_pain, knee_pain, hip_joint_pain
4710,Arthritis, muscle_weakness, stiff_neck, swelling_joints, movement_stiffness
4711,(vertigo) Paroymsal  Positional Vertigo, vomiting, headache, nausea, spinning_movements
4712,Acne, skin_rash, pus_filled_pimples, blackheads, scurring
4713,Urinary tract infection, burning_micturition, bladder_discomfort, foul_smell_of urine, continuous_feel_of_urine
4714,Psoriasis, skin_rash, joint_pain, skin_peeling, silver_like_dusting
4715,Impetigo, skin_rash, high_fever, blister, red_sore_around_nose
4716,Fungal infection,itching, skin_rash, nodal_skin_eruptions, dischromic _patches
4717,Allergy, continuous_sneezing, shivering, chills, watering_from_eyes
4718,GERD, stomach_pain, acidity, ulcers_on_tongue, vomiting
4719,Chronic cholestasis,itching, vomiting, yellowish_skin, nausea
4720,Drug Reaction,itching, skin_rash, stomach_pain, burning_micturition
4721,Peptic ulcer diseae, vomiting, indigestion, loss_of_appetite, abdominal_pain
4722,AIDS, muscle_wasting, patches_in_throat, high_fever, extra_marital_contacts
4723,Diabetes , fatigue, weight_loss, restlessness, lethargy
4724,Gastroenteritis, vomiting, sunken_eyes, dehydration, diarrhoea
4725,Bronchial Asthma, fatigue, cough, high_fever, breathlessness
4726,Hypertension , headache, chest_pain, dizziness, loss_of_balance
4727,Migraine, acidity, indigestion, headache, blurred_and_distorted_vision
4728,Cervical spondylosis, back_pain, weakness_in_limbs, neck_pain, dizziness
4729,Paralysis (brain hemorrhage), vomiting, headache, weakness_of_one_body_side, altered_sensorium
4730,Jaundice,itching, vomiting, fatigue, weight_loss
4731,Malaria, chills, vomiting, high_fever, sweating
4732,Chicken pox,itching, skin_rash, fatigue, lethargy
4733,Dengue, skin_rash, chills, joint_pain, vomiting
4734,Typhoid, chills, vomiting, fatigue, high_fever
4735,hepatitis A, joint_pain, vomiting, yellowish_skin, dark_urine
4736,Hepatitis B,itching, fatigue, lethargy, yellowish_skin
4737,Hepatitis C, fatigue, yellowish_skin, nausea, loss_of_appetite
4738,Hepatitis D, joint_pain, vomiting, fatigue, yellowish_skin
4739,Hepatitis E, joint_pain, vomiting, fatigue, high_fever
4740,Alcoholic hepatitis, vomiting, yellowish_skin, abdominal_pain, swelling_of_stomach
4741,Tuberculosis, chills, vomiting, fatigue, weight_loss
4742,Common Cold, continuous_sneezing, chills, fatigue, cough
4743,Pneumonia, chills, fatigue, cough, high_fever
4744,Dimorphic hemmorhoids(piles), constipation, pain_during_bowel_movements, pain_in_anal_region, bloody_stool
4745,Heart attack, vomiting, breathlessness, sweating, chest_pain
4746,Varicose veins, fatigue, cramps, bruising, obesity
4747,Hypothyroidism, fatigue, weight_gain, cold_hands_and_feets, mood_swings
4748,Hyperthyroidism, fatigue, mood_swings, weight_loss, restlessness
4749,Hypoglycemia, vomiting, fatigue, anxiety, sweating
4750,Osteoarthristis, joint_pain, neck_pain, knee_pain, hip_joint_pain
4751,Arthritis, muscle_weakness, stiff_neck, swelling_joints, movement_stiffness
4752,(vertigo) Paroymsal  Positional Vertigo, vomiting, headache, nausea, spinning_movements
4753,Acne, skin_rash, pus_filled_pimples, blackheads, scurring
4754,Urinary tract infection, burning_micturition, bladder_discomfort, foul_smell_of urine, continuous_feel_of_urine
4755,Psoriasis, skin_rash, joint_pain, skin_peeling, silver_like_dusting
4756,Impetigo, skin_rash, high_fever, blister, red_sore_around_nose
4757,Fungal infection,itching, skin_rash, nodal_skin_eruptions, dischromic _patches
4758,Allergy, continuous_sneezing, shivering, chills, watering_from_eyes
4759,GERD, stomach_pain, acidity, ulcers_on_tongue, vomiting
4760,Chronic cholestasis,itching, vomiting, yellowish_skin, nausea
4761,Drug Reaction,itching, skin_rash, stomach_pain, burning_micturition
4762,Peptic ulcer diseae, vomiting, indigestion, loss_of_appetite, abdominal_pain
4763,AIDS, muscle_wasting, patches_in_throat, high_fever, extra_marital_contacts
4764,Diabetes , fatigue, weight_loss, restlessness, lethargy
4765,Gastroenteritis, vomiting, sunken_eyes, dehydration, diarrhoea
4766,Bronchial Asthma, fatigue, cough, high_fever, breathlessness
4767,Hypertension , headache, chest_pain, dizziness, loss_of_balance
4768,Migraine, acidity, indigestion, headache, blurred_and_distorted_vision
4769,Cervical spondylosis, back_pain, weakness_in_limbs, neck_pain, dizziness
4770,Paralysis (brain hemorrhage), vomiting, headache, weakness_of_one_body_side, altered_sensorium
4771,Jaundice,itching, vomiting, fatigue, weight_loss
4772,Malaria, chills, vomiting, high_fever, sweating
4773,Chicken pox,itching, skin_rash, fatigue, lethargy
4774,Dengue, skin_rash, chills, joint_pain, vomiting
4775,Typhoid, chills, vomiting, fatigue, high_fever
4776,hepatitis A, joint_pain, vomiting, yellowish_skin, dark_urine
4777,Hepatitis B,itching, fatigue, lethargy, yellowish_skin
4778,Hepatitis C, fatigue, yellowish_skin, nausea, loss_of_appetite
4779,Hepatitis D, joint_pain, vomiting, fatigue, yellowish_skin
4780,Hepatitis E, joint_pain, vomiting, fatigue, high_fever
4781,Alcoholic hepatitis, vomiting, yellowish_skin, abdominal_pain, swelling_of_stomach
4782,Tuberculosis, chills, vomiting, fatigue, weight_loss
4783,Common Cold, continuous_sneezing, chills, fatigue, cough
4784,Pneumonia, chills, fatigue, cough, high_fever
4785,Dimorphic hemmorhoids(piles), constipation, pain_during_bowel_movements, pain_in_anal_region, bloody_stool
4786,Heart attack, vomiting, breathlessness, sweating, chest_pain
4787,Varicose veins, fatigue, cramps, bruising, obesity
4788,Hypothyroidism, fatigue, weight_gain, cold_hands_and_feets, mood_swings
4789,Hyperthyroidism, fatigue, mood_swings, weight_loss, restlessness
4790,Hypoglycemia, vomiting, fatigue, anxiety, sweating
4791,Osteoarthristis, joint_pain, neck_pain, knee_pain, hip_joint_pain
4792,Arthritis, muscle_weakness, stiff_neck, swelling_joints, movement_stiffness
4793,(vertigo) Paroymsal  Positional Vertigo, vomiting, headache, nausea, spinning_movements
4794,Acne, skin_rash, pus_filled_pimples, blackheads, scurring
4795,Urinary tract infection, burning_micturition, bladder_discomfort, foul_smell_of urine, continuous_feel_of_urine
4796,Psoriasis, skin_rash, joint_pain, skin_peeling, silver_like_dusting
4797,Impetigo, skin_rash, high_fever, blister, red_sore_around_nose
4798,Fungal infection,itching, skin_rash, nodal_skin_eruptions, dischromic _patches
4799,Allergy, continuous_sneezing, shivering, chills, watering_from_eyes
4800,GERD, stomach_pain, acidity, ulcers_on_tongue, vomiting
4801,Chronic cholestasis,itching, vomiting, yellowish_skin, nausea
4802,Drug Reaction,itching, skin_rash, stomach_pain, burning_micturition
4803,Peptic ulcer diseae, vomiting, indigestion, loss_of_appetite, abdominal_pain
4804,AIDS, muscle_wasting, patches_in_throat, high_fever, extra_marital_contacts
4805,Diabetes , fatigue, weight_loss, restlessness, lethargy
4806,Gastroenteritis, vomiting, sunken_eyes, dehydration, diarrhoea
4807,Bronchial Asthma, fatigue, cough, high_fever, breathlessness
4808,Hypertension , headache, chest_pain, dizziness, loss_of_balance
4809,Migraine, acidity, indigestion, headache, blurred_and_distorted_vision
4810,Cervical spondylosis, back_pain, weakness_in_limbs, neck_pain, dizziness
4811,Paralysis (brain hemorrhage), vomiting, headache, weakness_of_one_body_side, altered_sensorium
4812,Jaundice,itching, vomiting, fatigue, weight_loss
4813,Malaria, chills, vomiting, high_fever, sweating
4814,Chicken pox,itching, skin_rash, fatigue, lethargy
4815,Dengue, skin_rash, chills, joint_pain, vomiting
4816,Typhoid, chills, vomiting, fatigue, high_fever
4817,hepatitis A, joint_pain, vomiting, yellowish_skin, dark_urine
4818,Hepatitis B,itching, fatigue, lethargy, yellowish_skin
4819,Hepatitis C, fatigue, yellowish_skin, nausea, loss_of_appetite
4820,Hepatitis D, joint_pain, vomiting, fatigue, yellowish_skin
4821,Hepatitis E, joint_pain, vomiting, fatigue, high_fever
4822,Alcoholic hepatitis, vomiting, yellowish_skin, abdominal_pain, swelling_of_stomach
4823,Tuberculosis, chills, vomiting, fatigue, weight_loss
4824,Common Cold, continuous_sneezing, chills, fatigue, cough
4825,Pneumonia, chills, fatigue, cough, high_fever
4826,Dimorphic hemmorhoids(piles), constipation, pain_during_bowel_movements, pain_in_anal_region, bloody_stool
4827,Heart attack, vomiting, breathlessness, sweating, chest_pain
4828,Varicose veins, fatigue, cramps, bruising, obesity
4829,Hypothyroidism, fatigue, weight_gain, cold_hands_and_feets, mood_swings
4830,Hyperthyroidism, fatigue, mood_swings, weight_loss, restlessness
4831,Hypoglycemia, vomiting, fatigue, anxiety, sweating
4832,Osteoarthristis, joint_pain, neck_pain, knee_pain, hip_joint_pain
4833,Arthritis, muscle_weakness, stiff_neck, swelling_joints, movement_stiffness
4834,(vertigo) Paroymsal  Positional Vertigo, vomiting, headache, nausea, spinning_movements
4835,Acne, skin_rash, pus_filled_pimples, blackheads, scurring
4836,Urinary tract infection, burning_micturition, bladder_discomfort, foul_smell_of urine, continuous_feel_of_urine
4837,Psoriasis, skin_rash, joint_pain, skin_peeling, silver_like_dusting
4838,Impetigo, skin_rash, high_fever, blister, red_sore_around_nose
4839,Fungal infection,itching, skin_rash, nodal_skin_eruptions, dischromic _patches
4840,Allergy, continuous_sneezing, shivering, chills, watering_from_eyes
4841,GERD, stomach_pain, acidity, ulcers_on_tongue, vomiting
4842,Chronic cholestasis,itching, vomiting, yellowish_skin, nausea
4843,Drug Reaction,itching, skin_rash, stomach_pain, burning_micturition
4844,Peptic ulcer diseae, vomiting, indigestion, loss_of_appetite, abdominal_pain
4845,AIDS, muscle_wasting, patches_in_throat, high_fever, extra_marital_contacts
4846,Diabetes , fatigue, weight_loss, restlessness, lethargy
4847,Gastroenteritis, vomiting, sunken_eyes, dehydration, diarrhoea
4848,Bronchial Asthma, fatigue, cough, high_fever, breathlessness
4849,Hypertension , headache, chest_pain, dizziness, loss_of_balance
4850,Migraine, acidity, indigestion, headache, blurred_and_distorted_vision
4851,Cervical spondylosis, back_pain, weakness_in_limbs, neck_pain, dizziness
4852,Paralysis (brain hemorrhage), vomiting, headache, weakness_of_one_body_side, altered_sensorium
4853,Jaundice,itching, vomiting, fatigue, weight_loss
4854,Malaria, chills, vomiting, high_fever, sweating
4855,Chicken pox,itching, skin_rash, fatigue, lethargy
4856,Dengue, skin_rash, chills, joint_pain, vomiting
4857,Typhoid, chills, vomiting, fatigue, high_fever
4858,hepatitis A, joint_pain, vomiting, yellowish_skin, dark_urine
4859,Hepatitis B,itching, fatigue, lethargy, yellowish_skin
4860,Hepatitis C, fatigue, yellowish_skin, nausea, loss_of_appetite
4861,Hepatitis D, joint_pain, vomiting, fatigue, yellowish_skin
4862,Hepatitis E, joint_pain, vomiting, fatigue, high_fever
4863,Alcoholic hepatitis, vomiting, yellowish_skin, abdominal_pain, swelling_of_stomach
4864,Tuberculosis, chills, vomiting, fatigue, weight_loss
4865,Common Cold, continuous_sneezing, chills, fatigue, cough
4866,Pneumonia, chills, fatigue, cough, high_fever
4867,Dimorphic hemmorhoids(piles), constipation, pain_during_bowel_movements, pain_in_anal_region, bloody_stool
4868,Heart attack, vomiting, breathlessness, sweating, chest_pain
4869,Varicose veins, fatigue, cramps, bruising, obesity
4870,Hypothyroidism, fatigue, weight_gain, cold_hands_and_feets, mood_swings
4871,Hyperthyroidism, fatigue, mood_swings, weight_loss, restlessness
4872,Hypoglycemia, vomiting, fatigue, anxiety, sweating
4873,Osteoarthristis, joint_pain, neck_pain, knee_pain, hip_joint_pain
4874,Arthritis, muscle_weakness, stiff_neck, swelling_joints, movement_stiffness
4875,(vertigo) Paroymsal  Positional Vertigo, vomiting, headache, nausea, spinning_movements
4876,Acne, skin_rash, pus_filled_pimples, blackheads, scurring
4877,Urinary tract infection, burning_micturition, bladder_discomfort, foul_smell_of urine, continuous_feel_of_urine
4878,Psoriasis, skin_rash, joint_pain, skin_peeling, silver_like_dusting
4879,Impetigo, skin_rash, high_fever, blister, red_sore_around_nose
4880,Fungal infection,itching, skin_rash, nodal_skin_eruptions, dischromic _patches
4881,Allergy, continuous_sneezing, shivering, chills, watering_from_eyes
4882,GERD, stomach_pain, acidity, ulcers_on_tongue, vomiting
4883,Chronic cholestasis,itching, vomiting, yellowish_skin, nausea
4884,Drug Reaction,itching, skin_rash, stomach_pain, burning_micturition
4885,Peptic ulcer diseae, vomiting, indigestion, loss_of_appetite, abdominal_pain
4886,AIDS, muscle_wasting, patches_in_throat, high_fever, extra_marital_contacts
4887,Diabetes , fatigue, weight_loss, restlessness, lethargy
4888,Gastroenteritis, vomiting, sunken_eyes, dehydration, diarrhoea
4889,Bronchial Asthma, fatigue, cough, high_fever, breathlessness
4890,Hypertension , headache, chest_pain, dizziness, loss_of_balance
4891,Migraine, acidity, indigestion, headache, blurred_and_distorted_vision
4892,Cervical spondylosis, back_pain, weakness_in_limbs, neck_pain, dizziness
4893,Paralysis (brain hemorrhage), vomiting, headache, weakness_of_one_body_side, altered_sensorium
4894,Jaundice,itching, vomiting, fatigue, weight_loss
4895,Malaria, chills, vomiting, high_fever, sweating
4896,Chicken pox,itching, skin_rash, fatigue, lethargy
4897,Dengue, skin_rash, chills, joint_pain, vomiting
4898,Typhoid, chills, vomiting, fatigue, high_fever
4899,hepatitis A, joint_pain, vomiting, yellowish_skin, dark_urine
4900,Hepatitis B,itching, fatigue, lethargy, yellowish_skin
4901,Hepatitis C, fatigue, yellowish_skin, nausea, loss_of_appetite
4902,Hepatitis D, joint_pain, vomiting, fatigue, yellowish_skin
4903,Hepatitis E, joint_pain, vomiting, fatigue, high_fever
4904,Alcoholic hepatitis, vomiting, yellowish_skin, abdominal_pain, swelling_of_stomach
4905,Tuberculosis, chills, vomiting, fatigue, weight_loss
4906,Common Cold, continuous_sneezing, chills, fatigue, cough
4907,Pneumonia, chills, fatigue, cough, high_fever
4908,Dimorphic hemmorhoids(piles), constipation, pain_during_bowel_movements, pain_in_anal_region, bloody_stool
4909,Heart attack, vomiting, breathlessness, sweating, chest_pain
4910,Varicose veins, fatigue, cramps, bruising, obesity
4911,Hypothyroidism, fatigue, weight_gain, cold_hands_and_feets, mood_swings
4912,Hyperthyroidism, fatigue, mood_swings, weight_loss, restlessness
4913,Hypoglycemia, vomiting, fatigue, anxiety, sweating
4914,Osteoarthristis, joint_pain, neck_pain, knee_pain, hip_joint_pain
4915,Arthritis, muscle_weakness, stiff_neck, swelling_joints, movement_stiffness
4916,(vertigo) Paroymsal  Positional Vertigo, vomiting, headache, nausea, spinning_movements
4917,Acne, skin_rash, pus_filled_pimples, blackheads, scurring
4918,Urinary tract infection, burning_micturition, bladder_discomfort, foul_smell_of urine, continuous_feel_of_urine
4919,Psoriasis, skin_rash, joint_pain, skin_peeling, silver_like_dusting
4920,Impetigo, skin_rash, high_fever, blister, red_sore_around_nose
